ADDRESS;CITY;COUNTRY;LAT;LNG
пос. Березовый, ул. Декоративная, д. 6\4;Краснодар;Россия;45.1465784;38.99471680000001
ул. Ставропольская, д. 135;Краснодар;Россия;45.0200444;39.026577
шоссе Нефтяников, д. 42;Краснодар;Россия;45.0714926;38.9842076
ул. Мичурина, д. 47/41;Саратов;Россия;51.528157;46.01811310000001
ул. Астраханская, д. 87;Саратов;Россия;51.54268099999999;46.012612
Вольский тракт, д. 2/1;Саратов;Россия;51.61845839999999;45.9719618
Ново-Астраханское шоссе, д. 80;Саратов;Россия;51.4940885;45.9204047
ул. им. Василия Люкшина, д. 5;Саратов;Россия;51.5315209;46.01768010000001
Торговый проезд, д. 1;Саратов;Россия;51.5461754;46.0154123
ул. Усть-Курдюмская, д. 10а;Саратов;Россия;51.5551235;45.9890721
ул. Ямская, д. 118;Тюмень;Россия;57.1596588;65.48236059999999
ул. Широтная, д. 112Б;Тюмень;Россия;57.1069229;65.5904676
ул. Республики, д. 203;Тюмень;Россия;57.1270777;65.59653229999999
Автозаводское шоссе, д. 10;Тольятти;Россия;53.539185;49.390454
ул. Баныкина, д. 74;Тольятти;Россия;53.5108261;49.4577877
Московское ш., д. 18;Тольятти;Россия;53.4063814;49.4740416
ул. Революционная, д. 20;Тольятти;Россия;53.53007539999999;49.2755064
ул. Лизы Чайкиной, д. 85;Тольятти;Россия;53.4828945;49.4803532
ул. Дзержинского, д. 38а;Тольятти;Россия;53.5342259;49.32638499999999
ул. Автозаводская, д. 3, корп. А;Ижевск;Россия;56.8738659;53.279301
ул. Удмуртская, д. 255, корп. Б;Ижевск;Россия;56.8642974;53.2217751
проспект Красного Знамени, д. 59;Владивосток;Россия;43.127337;131.907132
ул. Фадеева, д. 1, корп. А;Владивосток;Россия;43.107647;131.940021
ул. Баляева, д. 35;Владивосток;Россия;43.1295742;131.937989
ул. Калинина, д. 275, корп. А;Владивосток;Россия;43.0925212;131.9059026
ул. Лермонтова, д. 77, корп. Б;Владивосток;Россия;43.299478;132.063803
ул. Русская, д. 46;Владивосток;Россия;43.1661371;131.9126893
ул. Уральская, д. 85;Пермь;Россия;58.0266355;56.2949648
ул. Смирнова, д. 12;Пермь;Россия;58.0366436;56.3123113
ул. Попова, д. 16;Пермь;Россия;58.0082712;56.22831739999999
ул. Революции, д. 5а;Пермь;Россия;58.0060826;56.2733083
ул. Мира, д. 2;Пермь;Россия;57.98662400000001;56.211884
ул. Ленина, д. 60;Пермь;Россия;58.0095088;56.2338479
пр. Парковый, д. 17;Пермь;Россия;57.9989113;56.1552397
ул. Чебышева, д. 49;Волгоград;Россия;48.673279;44.444386
ул. Землячки, д. 110;Волгоград;Россия;48.74502810000001;44.5185567
ул. Рабоче-Крестьянская, д. 9, корп. Б;Волгоград;Россия;48.6967632;44.5010321
ул. Пролетарская, д. 18;Волгоград;Россия;48.5165568;44.5340551
ул. Историческая, д. 154;Волгоград;Россия;48.768638;44.474476
ул. Николая Отрады, д. 28А;Волгоград;Россия;48.819633;44.63421899999999
ул. 50 лет Октября, д. 15а;Волгоград;Россия;48.5197318;44.5622785
ул. им. Ивана Шкабуры, д. 8;Краснодар;Россия;45.081642;38.896188
ул. Ставропольская, д. 98;Краснодар;Россия;45.01887929999999;38.9979291
ул. Гассия, д. 2а;Краснодар;Россия;44.9920173;39.0696888
ул. Карякина, д. 10/1;Краснодар;Россия;45.0649109;39.0064978
ул. им. Комарова В.М., д. 22;Краснодар;Россия;45.1163388;39.0383721
ул. Коммунаров, д. 278;Краснодар;Россия;45.0523654;38.9855642
ул. им. Александра Покрышкина, д. 3;Краснодар;Россия;45.1075334;38.9493394
ул. Трудовой Славы, д. 27;Краснодар;Россия;45.0064764;39.0815212
ул. Уральская, д. 79/1;Краснодар;Россия;45.0348923;39.0525524
ул. Крылатая, д. 2;Краснодар;Россия;45.0113417;39.1219267
ул. им. Володи Головатого, д. 313;Краснодар;Россия;45.0394369;38.9741061
ул. Дзержинского, д. 100;Краснодар;Россия;45.102078;38.98360479999999
пр-кт. Чекистов, д. 36;Краснодар;Россия;45.0317434;38.9175524
ул. Гагарина, д. 148, корпус 3;Яблоновский;Россия;44.99256889999999;38.9306135
ул. им. Григория Пономаренко, д. 41;Краснодар;Россия;45.10165600000001;39.0055191
ул. Западный Обход, д. 34;Краснодар;Россия;45.0858137;38.9030033
ул. им. Буденного, д. 2;Краснодар;Россия;45.0373882;38.9536638
ул. Тюляева, д. 2;Краснодар;Россия;45.03335999999999;39.0988518
ул. Российская, д. 440;Краснодар;Россия;45.08692260000001;39.0147635
ул. Красных Партизан, д. 173;Краснодар;Россия;45.05858569999999;38.9277885
пр-т Чекистов, д. 1/3;Краснодар;Россия;45.0274571;38.9054718
ул. Стасова, д. 186;Краснодар;Россия;45.031365;39.04403689999999
ул. Красная, д. 176;Краснодар;Россия;45.0461057;38.9787847
ул. Космонавтов, д. 2, корпус 2;Ростов-на-Дону;Россия;47.2812687;39.7176974
ул. 40-летия Победы, д. 85;Ростов-на-Дону;Россия;47.23903310000001;39.8271855
ул. Толстого, д. 6, корпус А;Ростов-на-Дону;Россия;47.2317726;39.7658352
проспект Сельмаш, д. 98/11;Ростов-на-Дону;Россия;47.2545021;39.7660238
ул. Малиновского, д. 27, корпус А;Ростов-на-Дону;Россия;47.231246;39.612944
Ворошиловский пр-кт, д. 87, корпус 65;Ростов-на-Дону;Россия;47.228994;39.7155
ул. Королева, д. 14, корпус А;Ростов-на-Дону;Россия;47.293992;39.708953
ул. Красноармейская, д. 157;Ростов-на-Дону;Россия;47.23306729999999;39.7345177
ул. Пархоменко, д. 156/5;Уфа;Россия;54.7406805;55.9684385
пр-кт Октября, д. 34;Уфа;Россия;54.74965640000001;56.0006321
ул. Энтузиастов, д. 20;Уфа;Россия;54.7577387;56.0364897
ул. Маршала Жукова, д. 10;Уфа;Россия;54.7699643;56.0601097
ул. Кольцевая, д. 65, к 3;Уфа;Россия;54.8223066;56.0845061
пр-кт Октября, д. 4, корп. 1;Уфа;Россия;54.74121599999999;55.987403
ул. Дагестанская, д. 2;Уфа;Россия;54.7057008;55.8471294
ул. Менделеева, д. 137Б;Уфа;Россия;54.7135581;55.9939716
ул. Ферина, д. 19;Уфа;Россия;54.78125559999999;56.1335068
ул. Цюрупы, д. 97, корп. И;Уфа;Россия;54.73661420000001;55.9575466
ул. Бакалинская, д. 31;Уфа;Россия;54.7185059;55.9825477
пр. им. Курчатова, здание 47;Железногорск;Россия;56.2338903;93.549428
ул. 9 Мая, д. 81;Красноярск;Россия;56.04835449999999;92.8959273
ул. Академика Вавилова, д. 1, стр. 39;Красноярск;Россия;55.9917623;92.9105132
пр-кт им. газеты Красноярский рабочий, д. 27;Красноярск;Россия;56.0214679;93.0132204
пр-кт им. газеты Красноярский Рабочий, д. 120;Красноярск;Россия;56.0026417;92.9308393
ул. 9 Мая, 14 А;Красноярск;Россия;56.0641617;92.9237416
ул. Норильская, д. 4, корпус Е;Красноярск;Россия;56.0569544;92.7214911
ул. Октябрьская, д. 7а;Красноярск;Россия;56.036007;92.91904199999999
ул. Телевизорная, д. 1, корп. 4;Красноярск;Россия;56.02225960000001;92.7975767
ул. Парковая, д. 3;Воронеж;Россия;51.7408635;39.3685142
ул. Кольцовская, д. 35;Воронеж;Россия;51.666366;39.1917247
Ленинский проспект, д. 174п;Воронеж;Россия;51.6976931;39.2746926
ул. Генерала Лизюкова, д. 60;Воронеж;Россия;51.706072;39.14955
ул. 20 лет Октября, д. 123;Воронеж;Россия;51.6683487;39.19192880000001
ул. Плехановская, д. 22;Воронеж;Россия;51.667054;39.19437
пр-т Гагарина, д. 35, корпус 1;Нижний Новгород;Россия;56.2830394;43.97952919999999
Московское шоссе, д. 12;Нижний Новгород;Россия;56.3193198;43.929132
пр-т Ленина, д. 108;Нижний Новгород;Россия;56.2424858;43.8659614
пр-т Гагарина, д. 105 А;Нижний Новгород;Россия;56.2351864;43.95151329999999
пл. Комсомольская, д. 6;Нижний Новгород;Россия;56.2963375;43.9409174
ул. Плотникова, д. 3А;Нижний Новгород;Россия;56.259175;43.856006
ул. Бурнаковская, д. 77, корпус А;Нижний Новгород;Россия;56.3415326;43.9127793
ул. Коминтерна, д. 117;Нижний Новгород;Россия;56.35014589999999;43.8684114
ул. Фильченкова, д. 10;Нижний Новгород;Россия;56.3203421;43.9464825
ул. Салютная, д. 10;Челябинск;Россия;55.1728585;61.45268049999999
ул. Труда, д. 172;Челябинск;Россия;55.17150220000001;61.36384109999999
ул. Сутягина, д. 15;Копейск;Россия;55.120922;61.620483
ул. Черкасская, д. 15;Челябинск;Россия;55.2301865;61.3784781
ул. Молдавская, д. 16;Челябинск;Россия;55.1899899;61.304452
ул. Дарвина, д. 18;Челябинск;Россия;55.1265055;61.3695612
ул. Салютная, д. 27;Челябинск;Россия;55.1697435;61.4440401
Копейское ш., д. 64;Челябинск;Россия;55.1452611;61.45015590000001
ул. Блюхера, д. 126;Челябинск;Россия;55.11960300000001;61.3622816
Московское (18 км) шоссе, д. 25А;Самара;Россия;53.275785;50.270779
Московское (24 км) шоссе, д. 5;Самара;Россия;53.3265033;50.3050271
ул. Аэродромная, д. 47, корпус 3;Самара;Россия;53.1911887;50.1888383
Южное шоссе, д. 5;Самара;Россия;53.139921;50.173414
проспект Кирова, д. 147;Самара;Россия;53.220535;50.2627713
ул. Красноармейская, д. 131;Самара;Россия;53.1866887;50.12955900000001
ул. Дыбенко, д. 30;Самара;Россия;53.2074372;50.1972757
ул. Дачная, д. 2;Самара;Россия;53.2018487;50.1416487
пр-т Комарова, д. 13в;Омск;Россия;54.988244;73.295833
ул. Комарова, д. 6, корпус 1;Омск;Россия;54.997222;73.284814
ул. Мира, д. 42, корпус 1;Омск;Россия;55.02861960000001;73.2884656
ул. Станционная 6-я, д. 2, корп. 2;Омск;Россия;54.921614;73.452927
ул. Березовского, д. 19;Омск;Россия;54.9881341;73.3835364
ул. 70 лет Октября, д. 25, корп. 1;Омск;Россия;54.9740559;73.3341741
пр-кт Мира, д. 9, корпус б;Омск;Россия;55.023987;73.29614289999999
Архитекторов б-р, д. 35;Омск;Россия;54.9719343;73.2847563
ул. Таганрогская, д. 151;Ростов-на-Дону;Россия;47.2620751;39.65569929999999
ул. Михаила Нагибина, д. 32д, корпус 2;Ростов-на-Дону;Россия;47.26097619999999;39.7190556
ул. Пойменная, д. 1, корпус м;Ростов-на-Дону;Россия;47.2035214;39.7243192
ул. Кирова, д. 110;Новосибирск;Россия;55.0115547;82.9548322
Первомайская, д. 45;Новосибирск;Россия;54.972086;83.0802767
ул. Покрышкина, д. 6;Новосибирск;Россия;54.98210950000001;82.89165679999999
ул. Карла Маркса, д. 37/2;Новосибирск;Россия;54.978745;82.89624800000001
ул. Титова, д. 1;Новосибирск;Россия;54.982098;82.8892484
ул. Академика Шварца, д. 17;Екатеринбург;Россия;56.7966649;60.62675239999999
ул. Щербакова, д. 4;Екатеринбург;Россия;56.7896439;60.64765799999999
ул. Малышева, д. 5;Екатеринбург;Россия;56.832475;60.58227579999999
ул. 8 Марта, д. 149;Екатеринбург;Россия;56.806891;60.6122168
Сиреневый бульвар, д. 2А;Екатеринбург;Россия;56.8343915;60.68399359999999
ул. Амундсена, д. 63;Екатеринбург;Россия;56.796954;60.5820376
ул. Победы, д. 14, корпус А;Екатеринбург;Россия;56.8959913;60.6097419
пр-т Академика Сахарова, д. 78;Екатеринбург;Россия;56.7874766;60.5133659
пр-т Космонавтов, д. 108, корпус 1;Екатеринбург;Россия;56.9165228;60.6111991
ул. Вайнера, строение 9;Екатеринбург;Россия;56.8277334;60.59785829999999
ул. Ясная, д. 2;Екатеринбург;Россия;56.816344;60.58572009999999
пр-т Космонавтов, д. 86;Екатеринбург;Россия;56.9064357;60.6146777
ул. 8 Марта, д. 46;Екатеринбург;Россия;56.8289869;60.59883679999999
ул. Сулимова, д. 26;Екатеринбург;Россия;56.861681;60.64449559999999
ул.Техническая, д. 37;Екатеринбург;Россия;56.8653416;60.5323217
ул. Черняховского, д. 86, корп. 13;Екатеринбург;Россия;56.7541105;60.7527559
ул. Закиева, д. 1;Казань;Россия;55.77672339999999;49.2211155
ул. Ак. Парина, д. 3, корп. 2;Казань;Россия;55.744576;49.194653
пр-т Ибрагимова, д. 56;Казань;Россия;55.821313;49.093564
пр-т Победы, д. 141;Казань;Россия;55.7807627;49.2122177
ул. Чистопольская, д. 19В;Казань;Россия;55.8197834;49.1138612
ул. Любимая, строение 1;Нижний Новгород;Россия;56.2214823;43.972116
пл. Советская, д. 5;Нижний Новгород;Россия;56.2961684;44.0407795
пр-т Кораблестроителей, д. 22 Б;Нижний Новгород;Россия;56.3643965;43.8156216
ул. Коминтерна, д. 11;Нижний Новгород;Россия;56.3398795;43.884239
пл. Советская, д. 30;Балахна;Россия;56.494933;43.609639
пл. Ленина, д. 5а;Кстово;Россия;56.150509;44.211177
ул. Казанское шоссе, д. 11;Нижний Новгород;Россия;56.2902768;44.0730772
ул. Большая Покровская, д. 82;Нижний Новгород;Россия;56.3089685;43.988296
ул. Родионова, д.187;Нижний Новгород;Россия;56.30988259999999;44.0743757
Южное шоссе, д. 2Г;Нижний Новгород;Россия;56.2219904;43.8538842
пр-т Маршала Блюхера, д. 41;Санкт-Петербург;Россия;59.97532520000001;30.4081513
ул. Фучика, д. 9;Санкт-Петербург;Россия;59.87598200000001;30.368759
пр-т Космонавтов, д. 42;Санкт-Петербург;Россия;59.85218560000001;30.3544438
площадь Стачек, д. 9, строение 1;Санкт-Петербург;Россия;59.89605539999999;30.2752599
ул. Брантовская дорога, д. 3;Санкт-Петербург;Россия;59.9402023;30.4184351
ул. Михаила Дудина, д. 6, корп. 1;Санкт-Петербург;Россия;60.0667048;30.3373627
КАД (внешнее кольцо) 117, д. 1, строение 1;Порошкино;Россия;60.0467611;30.05442
пр-т Коломяжский, д. 17А, корп. 1;Санкт-Петербург;Россия;60.00533919999999;30.2983618
ул. Политехническая, д.17;Санкт-Петербург;Россия;59.998986;30.3654571
пр-т Славы, д. 5, корп.3;Санкт-Петербург;Россия;59.8541069;30.3692706
ул. Ефимова, д. 2, лит. А;Санкт-Петербург;Россия;59.9263369;30.3207374
ул. Торфяная дорога, д. 2, корп. 1;Санкт-Петербург;Россия;59.9885428;30.254784
ул. 1-я Красноармейская, 15А;Санкт-Петербург;Россия;59.9162261;30.3080285
пр-т Московский, д. 25;Санкт-Петербург;Россия;59.7194866;30.4061042
Большевиков пр-кт, д. 18;Санкт-Петербург;Россия;59.9086898;30.4835821
ул. Большая Разночинная, д. 16;Санкт-Петербург;Россия;59.95941879999999;30.2901794
ул. Коллонтай, д. 3, лит. А;Санкт-Петербург;Россия;59.91186;30.4464636
пр-т Ветеранов, д. 101, корп. 1;Санкт-Петербург;Россия;59.83410250000001;30.2047189
пр-т Ветеранов, д. 53/56, литер А;Санкт-Петербург;Россия;59.841199;30.238534
пр-т Энгельса д. 139/21, корп. А;Санкт-Петербург;Россия;60.05106029999999;30.3347376
Пулковское ш., д. 17, корпус 2, литер А;Санкт-Петербург;Россия;59.827429;30.3164861
пр-кт Ветеранов, д. 169, корпус 4;Санкт-Петербург;Россия;59.83822339999999;30.1144201
пр-т 25 Октября, д. 42;Гатчина;Россия;59.57487769999999;30.1283635
1-я линия, д. 2Б;Кингисепп;Россия;59.3736767;28.6238486
ул. Набережная, д. 11;Кировск;Россия;55.8002651;49.0432856
ул. Октябрьская, д. 8;Колпино;Россия;59.73908449999999;30.6227177
ул. Солнечная, д. 12;Сосновый Бор;Россия;59.90031519999999;29.0857436
ул. Военная, д. 5;Новосибирск;Россия;55.0254;82.96278699999999
ул. Бориса Богаткова, д. 210/1;Новосибирск;Россия;55.0365379;82.97754610000001
ул. Инженерная, д. 5/1;Новосибирск;Россия;54.8600044;83.1090658
пл. Карла Маркса, д. 1;Новосибирск;Россия;54.981376;82.8982147
ул. Дуси Ковальчук, д. 179/2;Новосибирск;Россия;55.0606872;82.9130436
ул. Троллейная, д. 130а;Новосибирск;Россия;54.9669859;82.8521559
ул. Выборная, д. 144;Новосибирск;Россия;55.002883;83.022246
ул. Гоголя, д. 15;Новосибирск;Россия;55.0433719;82.9241653
ул. Дзержинского, д. 2/2;Новосибирск;Россия;55.0439634;82.9533593
Вокзальная магистраль, д. 1;Новосибирск;Россия;55.0353863;82.90055029999999
ул. Гребенщикова, д. 2;Новосибирск;Россия;55.1070414;82.9384161
ул. Октябрьской революции, д. 362;Коломна;Россия;55.0844047;38.8001443
ул. Пионерская, д. 19, корпус 3;Королёв;Россия;55.91431619999999;37.8075081
шоссе Волоколамское, д. 3, корпус 1;Красногорск;Россия;55.8190983;37.3383086
пр-кт Победы, д. 11/2;Люберцы;Россия;55.6896836;37.9144198
ул. С.П. Попова, д. 21Б;Люберцы;Россия;55.6979868;37.8988231
Новоухтомское ш., д. 2, корпус А;Москва;Россия;55.7073337;37.8540807
ул. Новокосинская, д. 32;Москва;Россия;55.7420076;37.86715960000001
ул Кадырова, д1;Москва;Россия;55.5372706;37.5122899
ул. Мира, д. 32, корпус 2;Мытищи;Россия;55.9194525;37.7236504
ул. Селезнева, д. 33;Мытищи;Россия;55.8918294;37.7275335
территория Ногинск-Технопарк;Ногинск;Россия;55.855884;38.441491
ул. Комсомольская, д. 26;Ногинск;Россия;55.8526399;38.44499769999999
ул. Ленина, д. 44, корпус А;Орехово-Зуево;Россия;55.8024725;38.9820941
ул. Кирова, д. 29 корпус А;Подольск;Россия;55.42550259999999;37.529607
ул. Ленина, 22;Протвино;Россия;54.87341350000001;37.2206896
МКАД, 71-й км, Московская обл., влд. 117;Путилково;Россия;55.8643368;37.3972374
ул. Вокзальная, д. 4Б;Раменское;Россия;55.5658667;38.2266917
шоссе Носовихинское, д. 45;Реутов;Россия;55.7517445;37.8884513
ул. Вознесенская, д. 32А;Сергиев Посад;Россия;56.30414949999999;38.1330659
ул. Ленина, д. 67;Лобня;Россия;56.008352;37.4493147
ул. Талсинская, д. 1;Щелково;Россия;55.92480699999999;37.996916
ул. Корешкова, д. 3;Электросталь;Россия;55.7860123;38.4582639
ул. Ленина, д. 0/10;Электросталь;Россия;55.8131053;38.4301399
пр-т Науки, д. 21, корп. 1;Санкт-Петербург;Россия;60.01117799999999;30.400731
пр-т Приморский, д. 72, лит. А;Санкт-Петербург;Россия;59.98187069999999;30.2099055
пр-т Пятилеток, д. 2А;Санкт-Петербург;Россия;59.9197776;30.4652297
ул. Фучика, д. 2;Санкт-Петербург;Россия;59.8765181;30.35991799999999
ул. Бухарестская, д. 89;Санкт-Петербург;Россия;59.8329668;30.4140137
Дунайский пр-т, д. 27, корпус 1;Санкт-Петербург;Россия;59.8319322;30.3631803
ул. Васи Алексеева, д.6, лит. А;Санкт-Петербург;Россия;59.879881;30.265692
ул. Комендантская площадь, д. 1, лит. А;Санкт-Петербург;Россия;60.00761;30.2598432
пл. Балканская, д. 5, лит. Д;Санкт-Петербург;Россия;59.82606159999999;30.3853264
пр-т Индустриальный, д. 17, корп. 1;Санкт-Петербург;Россия;59.9436025;30.4788603
пр-т Индустриальный, д. 31, лит. А;Санкт-Петербург;Россия;59.950924;30.473744
пр-т Ленинский, д. 121В, корп. 5;Санкт-Петербург;Россия;59.85142829999999;30.2610017
пр-т Ленинский, д. 66, корп. 1, стр. 1;Санкт-Петербург;Россия;59.8641899;30.1734605
пр-т Ленинский, д. 95, корп. 1, лит. А;Санкт-Петербург;Россия;59.85352099999999;30.2116574
пр. Багратионовский, д. 7, корпус 3;Москва;Россия;55.7423053;37.504444
ул. Декабрьская Б., д. 3 строение 1;Москва;Россия;55.7661731;37.557641
ул. Ферганская, д. 21;Москва;Россия;55.705196;37.8208839
ул. Таллинская, д. 18;Москва;Россия;55.7971575;37.4024888
ул. Кожуховская 7-я, д. 9;Москва;Россия;55.7105733;37.6745672
ул. Кировоградская, д. 13А;Москва;Россия;55.6121473;37.6073166
ул. Генерала Кузнецова, д. 22;Москва;Россия;55.68598040000001;37.8538392
Щёлковское шоссе, д. 75;Москва;Россия;55.8109463;37.799685
Каширское шоссе, д. 61Г;Москва;Россия;55.6269294;37.71188
ул. Елецкая, д. 15;Москва;Россия;55.6073657;37.7338276
пос. Вешки, Алтуфьевское шоссе, 1-й километр, вл3с1;Мытищи;Россия;55.9244476;37.600936
ул. Вешняковская, д. 18;Москва;Россия;55.724157;37.8249517
ул. Старокачаловская, д. 5 корпус А, ст.м. БДД;Москва;Россия;55.5699592;37.5786817
Осенний бульвар, д. 12;Москва;Россия;55.75925119999999;37.409168
Люблинская, д. 102а;Москва;Россия;55.6523813;37.7421553
ул. Вешняковская, д. 13а;Москва;Россия;55.735869;37.830038
Локомотивный проезд, д. 4;Москва;Россия;55.83806749999999;37.5768433
шоссе Дмитровское, д. 163 корпус А;Москва;Россия;55.9114209;37.5393771
бульвар Маршала Рокоссовского, д. 31;Москва;Россия;55.815668;37.715572
ул. Никитина, д. 2;Московский;Россия;55.60507070000001;37.357216
ул. Фестивальная, д. 13 корпус 1;Москва;Россия;55.8557353;37.4771629
Новоясеневский пр., д. 11;Москва;Россия;55.6067589;37.5362144
ул. Миклухо-Маклая, д. 18 корпус 3;Москва;Россия;55.6448281;37.5168972
ул. Венёвская, д. 4;Москва;Россия;55.548538;37.5424983
Головинское шоссе, д. 5, корпус 1;Москва;Россия;55.83982260000001;37.4903247
ул. Шереметьевская, д. 20;Москва;Россия;55.803667;37.6186959
Симферопольское шоссе, владение 1Б;Чехов;Россия;55.16258999999999;37.4698909
ул. Свердлова, д. 20, корпус 1;Балашиха;Россия;55.8227844;37.9702819
ул. Ленина, д. 5;Воскресенск;Россия;55.3216934;38.6728104
пл. Дмитрия Донского, д. 1А;Дзержинский;Россия;55.6314341;37.8491096
ул. Загорская, д. 22;Дмитров;Россия;56.3427444;37.515669
пр. Боголюбова, д. 19;Дубна;Россия;56.7356675;37.1601592
Касимовское шоссе, д. 1А;Егорьевск;Россия;55.36772029999999;39.0718421
ул. Советская, д. 5;Балашиха;Россия;55.79669759999999;37.9333068
ул. Гагарина, д. 24;Жуковский;Россия;55.6055182;38.1024786
ул. Гагарина, д. 5 корпус 6;Клин;Россия;56.3326641;36.7329136
ул. Астахова, д. 4;Коломна;Россия;55.0644652;38.7457088
ул. Суоярвское Шоссе, д. 6А;Суоярви;Россия;62.08933700000001;32.37716
ул. Кооперативная, д. 97;Саргатское;Россия;55.6118584;73.4933875
Центральный мкр., д. 3А;Саяногорск;Россия;53.09661879999999;91.41645179999999
мкр-н Юбилейный, 20;Саянск;Россия;54.1079442;102.1611254
ул. Курчатова, д. 11А;Северск;Россия;56.5886602;84.90367220000002
ул. Парижской Коммуны, д. 5;Слюдянка;Россия;51.6551909;103.7170303
ул. Ленинского Комсомола, д. 35;Сосновоборск;Россия;56.116175;93.33085679999999
ул. Строителей, д. 49;Стрежевой;Россия;60.73397249999999;77.6005806
проезд Бумажников, д. 14;Сегежа;Россия;63.7424505;34.2957452
мкр. Сертолово-2, ул. Свирская, д. 1к1;Сертолово;Россия;60.160085;30.216214
Приморское шоссе, д. 348;Сестрорецк;Россия;60.1033616;29.9753423
ул. Строителей, д. 5;Сиверский;Россия;59.3538935;30.0646854
ул. Кирова, д. 21;Сланцы;Россия;59.1207472;28.0878156
ул. Павла Стеблина, д. 2, корпус 3;Снежногорск;Россия;69.1920753;33.2295446
ул. Революции, д. 1;Советск;Россия;55.081487;21.885839
ул. Советская, д. 48;Сокол;Россия;59.4611648;40.1204885
ул. Горького, д. 10;Сортавала;Россия;61.70350999999999;30.6888479
ул. Молодежная, д. 6;Сосновый Бор;Россия;59.9102404;29.0951629
ул. 20 лет Победы, д. 117 А;Соликамск;Россия;59.64793460000001;56.7725309
ул. Фурманова, д. 18;Сорочинск;Россия;52.41616;53.1625285
ул. Матросова, д. 3;Сосновка;Россия;56.2550344;51.280845
ул. Ленина, 30;Сосновское;Россия;55.8042443;43.1612565
ул. Димитрова, д. 19;Степное;Россия;51.3780005;46.8477505
ул. Цементников, д. 5;Савинский;Россия;62.9384531;40.1497584
ул. Ломоносова, д. 98А;Северодвинск;Россия;64.5519638;39.7859872
ул. Адмирала Сизова, д. 2А;Североморск;Россия;69.07096849999999;33.4135706
2-й мкр, д. 5;Североонежск;Россия;62.59007949999999;39.84430560000001
ул. Азина, д. 103;Сарапул;Россия;56.45670939999999;53.8037462
ул. Первомайская, д. 35Б;Саров;Россия;54.9342792;43.3252503
ул. Нефтяников, д. 2;Чернушка;Россия;56.5182201;56.0748764
ул. Девонская, д. 29;Серафимовский;Россия;54.4219261;53.7929469
ул. Заки Валиди, д. 42, корпус 1;Сибай;Россия;52.721664;58.672539
ул. Рождественская, д. 64;Слободской;Россия;58.7243618;50.1844498
ул. Чапаева, д. 54Б;Смышляевка;Россия;53.2529572;50.3920216
ул. Ленина, д. 45, строение 1;Советск;Россия;57.58841760000001;48.9598583
ул. Победы, д. 29, корпус Б;Советский;Россия;56.759486;48.467703
ул. Пушкина, д. 3;Сокольское;Россия;57.142093;43.15935959999999
ул. Кручинина, д. 15/1;Свободный;Россия;51.3747295;128.1385342
пр-кт Ленинградский, д. 6;Северобайкальск;Россия;55.6356378;109.3370817
ул. мкр. Южный, д. 50;Селенгинск;Россия;52.0040388;106.8672987
ул. Ленина, д. 9;Серышево;Россия;51.09666;128.380627
Южный переулок, д. 2;Сковородино;Россия;53.97557279999999;123.9352388
ул. Ленинская, д. 60;Шкотово;Россия;43.3218025;132.3607967
ул. Пионерская, д. 12-А;Советская Гавань;Россия;48.9685993;140.283746
ул. Ленина, д. 21, корпус А;Солнечный;Россия;61.52401;105.318756
ул. Советская, д. 45;Спасск-Дальний;Россия;44.5540856;132.8547396
ул. Ботевградская, д. 80;Саранск;Россия;54.1862095;45.1710311
ул. Ленина, д. 1А;Реутов;Россия;55.7530727;37.8579805
ул. Любимова, д. 3;Родники;Россия;57.1046667;41.7284888
ул. Пролетарская, д. 86;Ростов;Россия;57.19390010000001;39.4443986
ул. Советская, д. 30;Рошаль;Россия;55.6625334;39.8557723
ул. Федеративная, д. 19;Руза;Россия;55.705415;36.1943797
ул. 9 Мая, д. 12, корп. 15;Рыбинск;Россия;58.054646;38.781806
ул. Большая, д. 8Б;Рыбное;Россия;54.7265283;39.4972686
ул. М.Горького, д. 14;Ряжск;Россия;53.710396;40.06525920000001
ул. Шереметьевская д. 6;Рязань;Россия;54.5998586;39.8318651
ул. Лазо, д. 261;Раздольное;Россия;43.5392295;131.8960061
ул. Победы, д. 14;Райчихинск;Россия;49.79017770000001;129.405763
ул. Коммунистическая, д. 94;Раевский;Россия;54.062044;54.92981469999999
ул. Советская, д. 4А;Ртищево;Россия;52.25928;43.78191
Горшкова б-р, д. 12;Рузаевка;Россия;54.0770881;44.9609264
ул. Ленина, д. 63Б;Рыбная Слобода;Россия;55.4613372;50.14693380000001
7 мкр, д. 12;Радужный;Россия;62.1300309;77.4568701
ул. Цветников, 39 корпус А;Ревда;Россия;56.7979202;59.9161066
ул. Ленина, д. 10;Реж;Россия;57.3731603;61.38954690000001
3 квартал, д. 35;Радужный;Россия;61.52401;105.318756
пр-кт Ленина, д 6А;Разумное;Россия;50.53090599999999;36.688903
ул. Космонавтов, д. 5, корпус А;Раменское;Россия;55.58663620000001;38.202706
ул. Первомайская, д. 14;Почеп;Россия;52.9278637;33.4584552
Пушкинское шоссе, д. 4А;Пушкино;Россия;55.995585;37.864316
ул. Революционная, д. 77;Приволжск;Россия;57.3792051;41.2835389
ул. Ленина, д. 22;Протвино;Россия;54.87341350000001;37.2206896
ул. Красноармейская, д. 2;Прохоровка;Россия;51.03183079999999;36.7317194
МКАД, 71-й километр, д. 1;Путилково;Россия;55.8643368;37.3972374
пр-кт Науки, д. 5;Пущино;Россия;54.832929;37.63667600000001
ул. Горького, д. 296;Павловская;Россия;46.1342154;39.7829117
ул. Ленина, д. 14;Палласовка;Россия;50.0531122;46.8780099
ул. Гагарина, д. 1;Первомайское;Россия;58.9311611;57.5764047
ул. Энгельса, д. 19, корпус 2;Песчанокопское;Россия;46.19151189999999;41.0907962
ул. Народная, д. 16/6;Полтавская;Россия;45.348949;38.220205
ул. Ленина, д. 47;Павлоградка;Россия;54.2055881;73.5605721
ул. Октябрьская, д. 61Б;Пласт;Россия;54.3585408;60.81178929999999
5-й мкр, д. 10/1;Пойковский;Россия;61.00094499999999;71.9032807
ул. Таежная, д. 7/2;Покачи;Россия;61.7436575;75.5932784
мкр. Зелёный Бор-1, д. 4 А;Полевской;Россия;56.505213;60.264301
мкр. 4-й Молодежный, д. 10а;Пыть-Ях;Россия;60.748531;72.7889578
ул. Кирова, д. 24;Пышма;Россия;56.9463081;63.24149849999999
ул. Октябрьская, д. 1;Павловская Слобода;Россия;55.8126183;37.0861364
ул. Красная Площадь, д. 42;Панино;Россия;51.6438921;40.1367057
ул. Ростовская, д. 47а;Переславль-Залесский;Россия;56.744927;38.856304
ул. 3. Интернационала, д. 10;Петушки;Россия;55.936837;39.4563446
ул. Свободы, д. 3;Плавск;Россия;53.7102386;37.2947497
ул. Герасимова, д. 16;Покров;Россия;55.9192292;39.1825216
ул. Советская, д. 49, корп. Г;Печора;Россия;65.1436326;57.2184602
ул. Заводская, д. 1А;Печоры;Россия;57.8225179;27.6509834
5 мкр, д. 13 А;Пикалёво;Россия;60.7462314;72.7871854
ул. Партизанская, д. 12;Плесецк;Россия;62.7092935;40.2869512
ул. Октябрят, д. 3;Подпорожье;Россия;60.91084399999999;34.162249
ул. Строителей, д. 13;Полярные Зори;Россия;67.367071;32.490492
ул. Лунина, д. 3;Полярный;Россия;69.2038338;33.4371766
КАД, 117-й километр, внешнее кольцо, д. 1;Порошкино;Россия;60.0467611;30.05442
ул. Калачева, д. 15;Порхов;Россия;57.76488649999999;29.5557545
ул. Вокзальная, д. 7А;Приозерск;Россия;61.0385976;30.1296525
ул. Пионерская, д. 3;Пудож;Россия;61.803546;36.524729
ул. Ленина, д. 39;Переяславка;Россия;47.967409;135.0541275
ул. Вулканная, д. 2;Петропавловск-Камчатский;Россия;53.0730292;158.6099148
ул. Ленина, д. 69, корп. А;Пограничный;Россия;44.4080315;131.3773956
ул. Советов, д. 62;Покровка;Россия;43.9488716;131.6374036
ул. Притузова, д. 42;Покровск;Россия;61.48589510000001;129.1444943
ул. Ульянова, д. 1;Первомайск;Россия;54.87174160000001;43.7961347
ул. Мирная, д. 33;Первомайский;Россия;51.9011455;51.6396517
ул. Ленинская, д. 104;Переволоцкий;Россия;51.8727498;54.2060784
ул. Чапаева, д. 56а, лит. В;Петровск;Россия;52.3073474;45.395877
ул. Советская, д. 28;Сергач;Россия;55.5333753;45.4565399
ул. Железнодорожная, д. 39;Подстёпки;Россия;53.5150979;49.1578863
ул. Максима Горького, д. 54;Приволжский;Россия;56.3138587;43.9927459
ул. Ленина, д. 16;Приютово;Россия;53.90208519999999;53.9279334
ул. М.Горького, д. 21/3;Пугачев;Россия;61.52401;105.318756
ул. Свободы, д. 21Б;Пушкин;Россия;61.52401;105.318756
пр-т Ленина, д. 176;Онега;Россия;63.9082155;38.0971722
ул. Пролетарская, д. 39;Остров;Россия;61.52401;105.318756
пер Тамбовский, д. 12;Отрадное;Россия;55.8599189;37.6015845
ул. Ломоносова, д. 9;Обь;Россия;54.9939554;82.7084246
ул. Ленина, д. 27, корпус А;Тюкалинск;Россия;55.8685785;72.19245459999999
ул. Ленина, д. 2а;Онгудай;Россия;50.751669;86.135902
ул. Ефимова, д. 2, корпус 1;Осинники;Россия;53.5915002;87.3317802
ул. Дзержинского, д. 35а;Озерск;Россия;55.7560637;60.68133659999999
ул. Советская, д. 49;Обухово;Россия;55.8349572;38.2646717
ул. Ленина, д. 35;Озёры;Россия;54.8544455;38.5620473
ул. Ленина, д. 78;Орехово-Зуево;Россия;55.8063538;38.9899982
ул. Рабочая, д. 31;Осташков;Россия;57.154844;33.090277
ул. 70 лет Победы, д. 3;Отрадное;Россия;61.52401;105.318756
ул. Пионерская, д. 94, корпус А;Орловский;Россия;46.8723231;42.0586074
ул. Широкая, д. 31, корпус Л;Отрадная;Россия;44.3941552;41.5157777
ул. Войкова д. 40/1;Новокубанск;Россия;45.1119527;41.0396335
ул. Мира, д. 84, корпус В;Новомихайловский;Россия;44.2526872;38.8446784
ул. Народная, д. 61;Новониколаевский рп;Россия;55.0775038;82.9619601
ул. Советская, д. 125, корп А;Новопокровская;Россия;45.9466546;40.7002836
ул. Садовая, д. 32, корпус а;Новошахтинск;Россия;47.755785;39.933775
ул. Денисова, д. 38;Облучье;Россия;49.0110614;131.0569211
ул. 50 лет Победы, д. 67;Олёкминск;Россия;60.3728851;120.4016669
ул. Дзержинского, д. 30;Оха;Россия;53.5882728;142.9433749
ул. Гая, д. 39 В;Октябрьск;Россия;53.1682843;48.6684271
ул. Островского, д. 4;Октябрьский;Россия;54.484904;53.4647863
ул. Луначарского, д. 33;Октябрьское;Россия;52.3488125;55.5015125
пр-кт Ленина, д. 25;Орск;Россия;51.228288;58.474583
ул. Максима Горького, д. 79Б, строение 2;Оса;Россия;57.28892399999999;55.474922
ул. Победы, д. 12;Октябрьский;Россия;54.4772015;53.4895394
ул. Строительная, д. 46;Оленегорск;Россия;68.14006669999999;33.2798866
ул. Пушкина, д. 1;Олонец;Россия;60.9816979;32.9722471
ул. Красных Партизан, д. 23;Навля;Россия;52.8277617;34.4989669
ул. Свободы, д. 13А;Наро-Фоминск;Россия;55.38569700000001;36.735112
ул. Институтская, д. 17;Нахабино;Россия;55.8407189;37.1780704
ул. Металлистов, д. 2;Нерехта;Россия;57.46146799999999;40.5523398
ул. Ленина, д. 249;Новая Усмань;Россия;51.64171589999999;39.4074877
пр-кт Энергетиков, д. 12А;Новомичуринск;Россия;54.0420893;39.74078230000001
с. Новохоритоново, д. 217;Новохаритоново;Россия;55.591395;38.495653
ул. Дзержинского, д. 5А;Поворино;Россия;51.1990188;42.2440421
ул. Свердлова, д. 24;Ногинск;Россия;55.8555031;38.44094800000001
ул. Гурфова, д. 14 б;Нарткала;Россия;43.5628585;43.8592386
ул. Победы, д. 61;Нижнегорский;Россия;53.3557047;51.15879779999999
ул. Чайковского, д. 42;Николаевск;Россия;50.0258122;45.4650802
шоссе Тургеневское, д. 22;Новая Адыгея;Россия;45.0246719;38.9434524
ул. Советская, д. 21А;Новоаннинский;Россия;50.52923999999999;42.670057
ул. Ленина, д. 155;Новотитаровская;Россия;45.237749;38.9762047
ул. Арбузова, д. 106;Назарово;Россия;56.010757;90.4157517
ул. Масловского, д. 43, корпус 1;Нижнеудинск;Россия;54.8934448;99.0340665
пр-кт Гагарина, д. 32;Прокопьевск;Россия;53.8725533;86.6366637
ул. Лауреатов, д. 86а;Норильск;Россия;69.3617605;88.2035908
ул. Игоря Шаповалова, д. 9;Надым;Россия;65.53447299999999;72.5044523
ул. Матвеева, д. 10, корпус 1;Невьянск;Россия;57.48776179999999;60.2142509
16 мкр, д. 2;Нефтеюганск;Россия;61.07751339999999;72.6139606
ул. Мира, д. 4П;Нижневартовск;Россия;60.943845;76.53565499999999
ул. Зари, д. 21;Нижний Тагил;Россия;57.915641;60.137936
ул. Ломоносова, д. 10;Нижняя Салда;Россия;58.07497259999999;60.6955612
ул. Ленина, д. 123;Нижняя Тура;Россия;58.6325605;59.8099127
ул. Корнилова, д. 6, корпус А;Новоуральск;Россия;57.22157559999999;60.08149290000001
пр-кт Губкина, д. 5;Новый Уренгой;Россия;66.0922262;76.68009409999999
ул. Новосёлов, д. 6;Ноябрьск;Россия;63.1862811;75.4440614
ул. Ленина, д. 28;Нягань;Россия;62.1429608;65.438245
ул. Свердлова, д. 19;Нязепетровск;Россия;56.0537153;59.60029139999999
ул. Депутатская, д. 25;Саракташ;Россия;51.7827509;56.3567958
пр-кт Калинина, д. 150;Новосергиевка;Россия;52.0889021;53.6472916
пл. Макаренко, строение 24А;Новоспасское;Россия;53.1509582;47.7361473
ул. Советская, д. 116, корп. Б;Новотроицк;Россия;51.1925243;58.2844345
ул. Ульяновская, д. 25;Новоульяновск;Россия;54.1489111;48.3841988
ул. Воинов интернационалистов, д. 14;Новочебоксарск;Россия;56.1164374;47.4425118
ул. Ленина, д. 61, корп. А;Чайковский;Россия;56.7733283;54.156701
ул. Безымянная, д. 8, корп. А;Нолинск;Россия;57.5542443;49.9393764
ул. К. Маркса, д. 19;Нурлат;Россия;54.4315955;50.8053405
ул. Полярная, д. 33;Нарьян-Мар;Россия;67.64498019999999;53.0111409
ул. Гагарина, д. 245;Невское;Россия;54.7358115;20.5717864
ул. Заводская, д. 2, корпус Г;Никольск;Россия;53.71130059999999;46.0931927
ул. Димитрова, д. 12;Новодвинск;Россия;64.4217614;40.7926378
ул. Арсенальная, д. 9;Новое Девяткино;Россия;60.0602204;30.4703698
ул. 60 лет Октября, д. 18 В;Нянд.а;Россия;61.660596;40.194213
ул. Строителей, д. 3а;Нефтекумск;Россия;44.749587;44.99478
ул. Ленина, д. 127;Новоалександровск;Россия;45.49547140000001;41.2168749
ул. Центральная, д. 59;Новопавловск;Россия;43.9601737;43.6337294
пр-кт Победы, д. 36;Новокуйбышевск;Россия;53.09257030000001;49.9791406
ул. Ленина, д. 7, корпус 2;Новоорск;Россия;51.379241;58.99632
ул. Депутатская, д. 1;Ноглики;Россия;51.8114454;143.1503666
пр-т Сююмбике, д. 2/19;Набережные Челны;Россия;55.7308382;52.39265469999999
ул. Советская, д. 131;Навашино;Россия;55.516954;42.2094998
ул. Парковая, д. 16, корп. А;Нефтекамск;Россия;56.08576799999999;54.24093389999999
ул. Промышленная, д. 1В;Нижняя Мактама;Россия;54.864827;52.4227349
ул. Советская, д. 130А;Новобелокатай;Россия;55.709225;58.957438
ул. Карла Маркса, д. 64;Нытва;Россия;57.9389432;55.3292476
ул. Чернышевского, д. 10;Намцы;Россия;62.72082829999999;129.6676478
ул. Ленина, д. 4;Невельск;Россия;46.6750422;141.8556453
ул. Октябрьская, д. 67, корпус А;Нерчинск;Россия;51.9867977;116.5617922
пр-кт Ленина, д. 5;Нерюнгри;Россия;56.6615097;124.7118102
ул. Ленина, д. 35;Нижний Бестях;Россия;61.9579358;129.9062459
ул. Кантера, д. 26;Николаевск-на-Амуре;Россия;53.1405983;140.7207382
ул. Луговая, д. 59;Новобурейский;Россия;49.795745;129.8766876
ул. Кооперативная, д. 1/5;Михнево;Россия;55.1216938;37.95519760000001
ул. Интернациональная, д. 41;Мичуринск;Россия;52.8924341;40.5025992
ул. Интернациональная, д. 45, помещение 1;Моршанск;Россия;53.4428989;41.8094204
ул. Пионерская, д. 8;Муром;Россия;55.567569;41.9962428
пр-зд Шараповский, д. 2;Мытищи;Россия;55.9118734;37.7488867
ул. Степная, д. 112;Медведовская;Россия;45.4511868;39.0039843
ул. Кирова, д. 91;Морозовск;Россия;48.3373243;41.82661239999999
ул. Республиканская, д. 39;Михайловка;Россия;50.0690216;43.2356971
Проспект Октября, д. 69 А;Миасс;Россия;55.1319605;60.14545769999999
ул. Кирова, д. 53;Миасское;Россия;55.27811999999999;61.89264
ул. Муравленко, д. 12б;Муравленко;Россия;63.79339769999999;74.4909508
ул. Кирова, д. 12а;Майский;Россия;43.6571986;44.0844244
Быковское шоссе, д. 48;Малаховка;Россия;55.6249911;38.010487
ул. Центральная, д. 57;Мантурово;Россия;58.3227587;44.7564274
МКАД 47-й км, владение 31, строение 1;Московский;Россия;55.655676;37.43895699999999
ул. Иванова, д. 10;Унеча;Россия;52.84260459999999;32.676308
ул. Красноармейская, д. 106;Меленки;Россия;55.3364197;41.6315062
ул. Имени Маршала Голикова Ф.И., д. 20;Михайлов;Россия;54.2320389;39.022706
ул. Интернациональная, д. 14;Междуреченск;Россия;53.6924838;88.0570817
ул. Коммунистическая, д. 1е;Мельниково;Россия;56.5530985;84.0937533
ул. Абаканская, д. 53, строение Б/1;Минусинск;Россия;53.69163320000001;91.6693726
пр-кт Октябрьский, д. 5Б;Михайловское;Россия;54.48122859999999;53.51854909999999
ул. Ленина, д. 6;Москаленки;Россия;54.93962;71.933504
ул. Вокзальная, д. 81;Мошково;Россия;55.3010125;83.6131541
ул. Ноградская, д. 2/1;Мыски;Россия;53.7653905;87.6006884
пр-кт Карла Маркса, д. 202Б;Магнитогорск;Россия;53.36398579999999;58.97749659999999
ул. Строителей, д. 11/1;Мегион;Россия;61.0280381;76.113379
пр-кт Металлургов, д. 39;Мончегорск;Россия;67.9386201;32.9412882
ул. Шувалова, д. 27/7;Мурино;Россия;60.0648385;30.4340551
ул. Радищева, д. 2;Мурманск;Россия;68.9577597;33.1043622
ул. Осканова, д. 23;Малгобек;Россия;43.4847571;44.7761666
ул. Махачкала Ирчи Казака, д. 31;Махачкала;Россия;42.9653443;47.5047607
ул. Фрунзе, д. 2;Михайловск;Россия;45.1331476;42.0240755
ул. Пролетарская, д. 18;Маслянино;Россия;54.3474057;84.2078537
рп. Маркова, мкр Березовый, д. 5;Маркова;Россия;52.2250982;104.2539487
ул. Октябрьская, д. 5;Менделеевск;Россия;55.8934332;52.3121516
ул. Ленина, д. 86/32;Мензелинск;Россия;55.72173069999999;53.10331189999999
ул. Коммунистическая, д. 42;Месягутово;Россия;55.53697529999999;58.2438856
ул. Ленина, д. 1;Янаул;Россия;56.26722299999999;54.93292899999999
ул. Комсомольская, д. 3Д;Мирный;Россия;62.5562906;113.9420655
ул. Наговицына, д. 87, стр. 1;Можга;Россия;56.4430315;52.2187652
ул. Поцелуева, д. 2;Мокшан;Россия;53.43842189999999;44.6076012
ул. З.Биишевой, д. 98, корпус б;Мраково;Россия;52.714384;56.62307
ул. Новая, д. 26;Мулино;Россия;56.31565209999999;42.9545398
ул. К.Маркса, д. 10;Малая Вишера;Россия;58.8442085;32.2205533
ул. Ленинградская, д. 13;Петрозаводск;Россия;61.7933342;34.3516738
ул. Неделина, д. 14, корпус 1;Мирный ЗАТО;Россия;62.7627537;40.33532
ул. Советская, д. 36, строение В;Мильково;Россия;54.697016;158.622815
ул. Иреляхская, д. 2, корп. 3;Мирный;Россия;62.52123369999999;113.9599955
ул. Некрасова, д. 254;Уссурийск;Россия;43.8342255;131.9448625
ул. Шулешко, д. 14;Могоча;Россия;53.7394602;119.7584425
ул. Березовая, д. 10;Макаровка;Россия;55.91697;49.1493858
ул. Габдуллы Тукая, д. 31, корп. В.;Мамадыш;Россия;55.7218129;51.4075072
ул. Ломоносова, д. 13;Мариинский Посад;Россия;56.1162213;47.702968
ул. Октябрьская, д. 55;Маркс;Россия;61.52401;105.318756
ул. Юбилейная, д. 14.;Медведево;Россия;56.633449;47.7982837
ул. А.Гайдара, д. 14а;Медногорск;Россия;51.40379129999999;57.5832356
ул. Смоленская, д. 38;Мелеуз;Россия;52.9617515;55.93331509999999
ул. Пушкина, д. 8Б, корпус 2;Лесной;Россия;56.0826763;37.9219018
ул. Ленина, д. 4/1;Ликино-Дулёво;Россия;55.70373559999999;38.9564977
ул. Первомайская, д. 2А;Лихославль;Россия;57.12196100000001;35.4672869
ул. Ленина, д. 9, 2 этаж;Лобня;Россия;56.012397;37.482188
ул. Сухановская, д. 1, строение 1;Лопатино;Россия;55.5360235;37.6388956
ул. Кирова, д. 6, корпус А;Лосино-Петровский;Россия;55.86529729999999;38.1966311
ул. Парковая, д. 2;Лыткарино;Россия;55.5814495;37.9122316
ул. Ленина, д. 42В;Люберцы;Россия;55.6808134;37.8887253
ул. Пушкина, д. 3;Ленино;Россия;45.2950101;35.76935840000001
ул. им. Битюцкого, д. 2А;Ленинск;Россия;48.695776;45.204815
ул. Дзержинского, д. 19;Магадан;Россия;59.5649814;150.7977094
ул. Дзержинского, д. 12;Магдагачи;Россия;53.452059;125.798505
ул. Победы, д. 13;Поронайск;Россия;49.218269;143.093094
ул. Смышляева, д. 45;Лысьва;Россия;58.10429329999999;57.7984776
ул. Урицкого, д. 21 Б;Лодейное Поле;Россия;60.72932969999999;33.5568008
ул. Победы, д. 21,;Ломоносов;Россия;59.9042217;29.7698135
пр-кт Кирова, д. 28;Луга;Россия;58.74255339999999;29.8531686
ул. Г.М. Гамидова, д. 24;Леваши;Россия;42.9615413;47.512153
пр-зд, Солнечный, д. 1;Лермонтов;Россия;44.105341;42.97932
ул. Горького, д. 110, строение 2;Лесосибирск;Россия;58.2274025;92.50363159999999
ул. Гагарина, д. 68;Лабытнанги;Россия;66.648764;66.36988699999999
ул. Ленина, д. 40;Лангепас;Россия;61.2481504;75.1828543
ул. Мира, д. 7, корпус а;Лесной;Россия;58.6356672;59.79040329999999
6 мкр. стр 39, 2 этаж;Лянтор;Россия;61.6183394;72.1631807
пр-кт Ленина, д. 45;Лакинск;Россия;56.0146926;39.9517701
ул. Крупской, д. 2;Лебедянь;Россия;53.02386079999999;39.1324151
ул. Ленина, д. 12;Красногвардейское;Россия;45.8459309;41.5181303
ул. Ленина, д. 25;Кущевская;Россия;46.5647753;39.6275083
ул. Фрунзе, д. 33;Красноперекопск;Россия;45.9552738;33.7997367
ул. Ленина, д. 181д;Краснослободск;Россия;48.7076783;44.5911398
ул. Фурманова, д. 1, корпус Д;Красный Сулин;Россия;47.8957329;40.0616768
ул. Южная, д. 30, корпус и;Матвеев Курган;Россия;47.564864;38.8686043
ул. Ленинская, д. 8, корп. А;Партизанск;Россия;43.1160684;133.1181407
ул. Мирнинская, д. 6;Ленск;Россия;60.71742749999999;114.91466
ул. Григоренко, д. 8;Лесозаводск;Россия;45.4622761;133.4030981
4-й микрорайон, д. 10, корп. Б;Лучегорск;Россия;46.4433569;134.3025586
ул. С.Сайдашева, д. 18;Лаишево;Россия;55.41021809999999;49.5609665
ул. Крупской, д. 2, корп. В;Лениногорск;Россия;54.5961094;52.443475
ул. Ленина, д. 58;Луза;Россия;60.6319479;47.25353699999999
ул. Мичурина, д. 24;Лысково;Россия;56.0307587;45.0495227
ул. Советская, д. 125;Куровское;Россия;55.5797211;38.9218816
пр-кт Коммунистический, д. 27;Курчатов;Россия;51.66063639999999;35.6562863
ул. Чекмарева, д. 1А;Калач-на-Дону;Россия;48.6755103;43.54362709999999
ул. Советская, д. 59;Калининская;Россия;45.4868003;38.6631093
ул. Советская, д. 239;Шахты;Россия;47.7145024;40.2020602
ул. Максима Горького, д. 65В;Камызяк;Россия;46.109161;48.070512
ул. Пролетарская, д. 56;Камышин;Россия;50.0788298;45.4018299
ул. Свердликова, д. 120;Каневская;Россия;46.0795868;38.9572268
ул. Карла Либкнехта, д. 23;Крымск;Россия;44.9345003;37.9872346
ул. Сощенко, д. 145;Ладожская;Россия;45.3085618;39.9358914
ул. Большая Бульварная, д. 11;Таганрог;Россия;47.24204659999999;38.8893877
ул. А.С.Пушкина, д. 19;Элиста;Россия;46.3102522;44.26982599999999
ул. Первомайская, д. 14;Котельниково;Россия;47.625998;43.144909
ул. Мира, д. 116А;Котово;Россия;50.3183297;44.80734229999999
ул. К. Маркса, д. 19;Льгов;Россия;51.6865756;35.2785593
Покровский мкр, д. 1;Кораблино;Россия;54.2653903;37.494434
ул. Космонавтов, д. 12, корпус В;Королёв;Россия;55.917221;37.866449
ул. Дорошенко, д. 9А;Короча;Россия;50.8105189;37.1969119
ул. Ленина, д. 25;Мценск;Россия;53.2773474;36.5764126
Кинешемское шоссе, д. 76;Кострома;Россия;57.74009780000001;41.0178544
ул. Посконкина, д. 2, корпус А, офис 2;Котовск;Россия;52.5793402;41.5111532
ул. Ленина, д. 10;Щёкино;Россия;54.0002777;37.5182355
ул. Карла Маркса, д. 30;Красково;Россия;55.6575375;37.9826894
ул. Пролетарская, д. 11;Красная Горбатка;Россия;55.86453179999999;41.7664071
ул. Чкалова, д. 12;Красноармейск;Россия;56.1027332;38.1313273
ул. Пятницкое шоссе, д. 43;Красногорск;Россия;55.85731389999999;37.3503171
ул. Советская, д. 52;Красное-на-Волге;Россия;57.5165431;41.23332020000001
ул. Краснознаменная, д. 23А;Краснознаменск;Россия;55.5958725;37.0425822
ш. Наро-Фоминское, д. 14;Кубинка;Россия;55.576753;36.694898
ул. Карла Маркса, д. 31;Кашин;Россия;57.3558417;37.6081934
ул. Садовая, д. 24;Кашира;Россия;54.8406591;38.24626870000001
ул. Бессолова, д. 72, корпус Б;Кимовск;Россия;53.967745;38.544704
ул. Урицкого, д. 64;Кимры;Россия;56.876986;37.3444408
ул. им М.Горького, д. 3;Кинешма;Россия;57.4415511;42.1687685
ул. Пугачева, д. 2;Киржач;Россия;56.159062;38.8686859
ул. Базарная площадь, д. 3;Рассказово;Россия;52.65866159999999;41.8814865
ул. Шмидта, д. 14, строение 1;Ковров;Россия;56.3628139;41.3026984
мкр. Победы, д. 34;Козельск;Россия;54.0523795;35.9510789
ул. Советская, д. 5А;Одинцово;Россия;55.6727775;37.2779705
ул. Космонавтов, д. 9;Нововоронеж;Россия;51.3084099;39.2119052
ул. Московская, д. 20;Коломна;Россия;55.1112133;38.73263559999999
ул. Ленина, д. 27;Кольчугино;Россия;56.30172270000001;39.3777309
ул. Первомайская, д. 13;Комсомольск;Россия;50.5670331;136.9658947
ул. Район завода, д. 13;Конаково;Россия;56.69716649999999;36.7740691
ул. Пушкина, д. 74;Кондрово;Россия;54.7969696;35.9153549
ул. Попова, д. 64;Краснотурьинск;Россия;59.7663489;60.2030295
ул. Ленина, д. 21;Красноуральск;Россия;58.353875;60.044704
ул. Советская, д. 30;Красноуфимск;Россия;56.6169847;57.768627
ул. Куйбышева, д. 72Б;Курган;Россия;55.438393;65.35740539999999
пр-кт Ленина, д. 13;Куртамыш;Россия;54.91236;64.434952
ул. Ленинградская, д. 24А;Куса;Россия;55.3407707;59.43801909999999
ул. Строителей, д. 9;Кушва;Россия;58.2835921;59.76790519999999
ул. Карла Либкнехта, д. 178Б;Кыштым;Россия;55.7013526;60.5546985
рабочий посёлок Калининец, д. 1Е;Калининец;Россия;55.56645719999999;36.9950525
ул. Чкалова, д. 23;Калязин;Россия;57.23743409999999;37.8400772
ул. Ушанева, д. 2А;Острогожск;Россия;50.8548419;39.0632828
ул. Школьная, д. 14, корпус А;Камешково;Россия;56.3511238;41.0012696
ул. Победы, д. 24;Кантемировка;Россия;49.7000496;39.8587127
ул. Победы, д. 3А;Карабаново;Россия;56.3079417;38.6956303
ул. Ленина, д. 2, корпус О;Карачев;Россия;53.1249288;34.9840806
ул. Советская, д. 105;Касимов;Россия;54.94576070000001;41.4066611
пер. Советский, д. 8;Курагино;Россия;53.8880832;92.678568
ул. Дружбы, д. 137;Кызыл;Россия;51.7182186;94.4443828
ул. Лермонтова, д. 83 А;Каменск-Уральский;Россия;56.4274733;61.8605734
ул. Карла Маркса, д. 50;Камышлов;Россия;56.843289;62.707051
ул. Металлургов, д. 4;Карабаш;Россия;55.4923877;60.2039237
ул. Мира, д. 46;Карпинск;Россия;59.7679175;59.9972494
ул. Калмыкова, д. 5А;Карталы;Россия;53.05502809999999;60.6347653
ул. Ленина, д. 8/1;Касли;Россия;55.9070814;60.73771929999999
ул. Дмитрия Тараканова, д. 14А;Катав-Ивановск;Россия;54.7568178;58.2082346
ул. Гикалова, д. 7, корпус Б;Качканар;Россия;58.69025199999999;59.48611810000001
ул. Свердлова, д. 40, корпус 1;Кировград;Россия;57.426927;60.0656803
ул. Прибалтийская, д. 11/1;Когалым;Россия;62.2683638;74.4805992
ул Сутягина, д. 15;Копейск;Россия;55.120922;61.620483
ул. Цвиллинга, д. 1;Коркино;Россия;54.889637;61.417449
ул. Ленина, д. 129/1;Косулино;Россия;56.7363996;60.9480102
ул. Кирова, д. 57Б;Кормиловка;Россия;55.0028665;74.0938326
ул. Максима Горького, д. 95;Коченево;Россия;55.0221549;82.2117998
ул. Гоголя, д. 38а;Кош-Агач;Россия;49.9958286;88.6754902
ул. Советская, д. 109Б;Крапивинский;Россия;55.0040622;86.798131
ул. Крупской, д. 127;Полысаево;Россия;54.61129889999999;86.2692417
ул. Западная, д. 200;Краснообск;Россия;54.9242205;82.9799354
ул. Лермонтова, д. 2, корпус 9;Кулунда;Россия;52.5655419;78.94083979999999
ул. Советов, д. 2, корпус В;Купино;Россия;54.36001650000001;77.2812579
ул. Октябрьская, д. 6, корпус Б;Краснозёрское;Россия;53.984565;79.2398315
ул. Советская, д. 71;Колывань;Россия;55.3051052;82.73755
пр-кт Академика Сандахчиева, д. 9;Кольцово;Россия;54.9399807;83.18941389999999
ул. Мамонтова, д. 78;Шипуново;Россия;52.22237399999999;82.260615
ул. Коммунистическая, д. 10;Поспелиха;Россия;51.9888472;81.82582149999999
пр-кт Мира, д. 35б;Калтан;Россия;53.508999;87.2822489
ул. Колесникова, д. 45;Камень на Оби;Россия;53.7910689;81.34927119999999
ул. Колесниченко, д. 5;Канск;Россия;56.2168141;95.71981459999999
ул. Октябрьская, д. 11;Каргасок;Россия;59.0592467;80.87437179999999
ул. Студенческая, д. 8;Киселевск;Россия;54.0054105;86.7054818
ул. Толстого, д. 19;Павловск;Россия;53.3178133;82.9876049
ул. Центральная, д. 32;Ключи;Россия;61.52401;105.318756
ул. Колесниченко, д. 5;Кодинск;Россия;58.6053386;99.1835345
ул. Белинского, д. 15;Колпашево;Россия;58.3106399;82.9009627
ул. Гамзатова, д. 30;Карабудахкент;Россия;42.8779195;47.6272647
ул. Орджоникидзе, д. 3Б;Каспийск;Россия;42.8861156;47.63446039999999
ул. Мира, д. 1д;Касумкент;Россия;41.6758192;48.1519932
ул. Малагусейнова, д. 12;Кизилюрт;Россия;43.1987588;46.8680122
ул. Победы, д. 47;Кизляр;Россия;43.843078;46.71985900000001
ул. Горького, д. 15;Кисловодск;Россия;43.9081293;42.7113158
ул. Братская, д. 98;Кочубеевское;Россия;44.6857869;41.8255821
ул. Ленина, д. 87;Красногвардейское;Россия;45.8379653;41.5114682
ул. Красная, д. 3А;Курсавка;Россия;44.45617499999999;42.5025231
пр-кт Октябрьский, д. 37;Коноша;Россия;60.97345999999999;40.2564369
ул. Архангельская, д. 2;Коряжма;Россия;61.3076105;47.16956039999999
ул. Калевала, д. 11;Костомукша;Россия;64.583157;30.6053613
пр-кт Мира, д. 18;Котлас;Россия;61.23670849999999;46.6419253
ул. Гагарина, д. 41, 2й этаж;Красноборск;Россия;61.559701;45.9431301
пр-кт Ленина, д. 16;Кронштадт;Россия;59.99685229999999;29.7673421
ул. Пражская, д. 6;Кудрово;Россия;59.9105923;30.5106331
ул. Гагарина, д. 64;Кулой;Россия;53.9457635;51.16846169999999
ул. Ленина, д. 50, корпус в-3;Карачаевск;Россия;43.7683314;41.9035088
ул. Преображенского, д. 35;Кириллов;Россия;59.8591639;38.390579
ул. Романтиков, д. 4;Кириши;Россия;59.44997449999999;32.0264616
ул. Новая, д. 12;Кировск;Россия;59.8827038;30.9887799
ул. Олимпийская, д. 13;Кировск;Россия;67.61681779999999;33.684186
ул. Лесная, д. 5;Кичменгский Городок;Россия;59.99977990000001;45.7871303
ул. Комсомольская, д. 7а;Ковдор;Россия;67.5628431;30.4739144
пр-кт Защитников Заполярья, д. 13;Кола;Россия;68.8814455;33.0258794
б-р Трудящихся, 35 к. 1;Колпино;Россия;59.734371;30.582783
ул. Строителей, д. 4;Коммунар;Россия;59.6167301;30.3742844
ул. Пролетарская, д. 4а;Кондопога;Россия;62.2013178;34.257176
ул. Ленина, д. 130 А;Кукмор;Россия;56.1825591;50.9245919
ул. Советская, д. 4а;Кулебаки;Россия;55.415963;42.53465080000001
ул. Бабаевская, д. 16;Кумертау;Россия;52.7650634;55.8076501
ул. Свободы, д. 57;Кунгур;Россия;57.4267263;56.9608
ул. Октябрьская, д. 71;Кушнаренково;Россия;55.1065781;55.3377071
ул. Олимпийская, д. 8;Куюки;Россия;55.71509289999999;49.3561219
ул. Строителей, д. 16;Кадуй;Россия;59.2068935;37.1127212
ул. Советская, д. 2-а;Кандалакша;Россия;67.1627445;32.4184586
ул. Ленинградская, д. 13;Каргополь;Россия;55.8188906;37.4970559
ул. Дзержинского, д. 7, корпус а;Красновишерск;Россия;60.41297840000001;57.08159999999999
пер. Банковский, д. 8а;Краснокамск;Россия;58.079488;55.75699299999999
1-й микрорайон, д. 2Б;Краснослободск;Россия;62.145148;65.442132
ул. Фрунзе, д. 39;Красноусольский;Россия;53.8917642;56.4713991
ул. Щербакова, д. 10;Шумерля;Россия;55.4955568;46.4066289
ул. Армейская, д. 55А;Красный Кут;Россия;50.9505614;46.972181
ул. Оренбургская, д. 8;Красный Яр;Россия;53.4965598;50.3910086
ул. Нефтяников, д. 90;Отрадный;Россия;53.37264889999999;51.3566461
ул. Вокзальная, д. 2б;Кувандык;Россия;51.4731232;57.3495042
ул. Данилова, д. 13, корп. г;Кудымкар;Россия;59.02127050000001;54.649224
ул. Гагарина, д. 6;Куеда;Россия;56.4317748;55.5946329
ул. Чапаева, д. 1Б;Киргиз-Мияки;Россия;53.629911;54.807617
ул. Ленина, д. 38;Кирово-Чепецк;Россия;58.55082909999999;50.0308952
ул. Ленина, д. 18;Кирс;Россия;59.34298450000001;52.2375292
ул. Урицкого, д. 39;Княгинино;Россия;55.8221643;45.0326312
ул. Луговая, д. 2;Ковернино;Россия;57.1276959;43.816144
ул. Советская, д. 7А, строение 10;Ковылкино;Россия;54.038283;43.9184352
б-р Космонавтов, д. 7;Козьмодемьянск;Россия;56.334027;46.5468164
2-й мкр, д. 17, строение 1;Комсомольский;Россия;58.3628332;51.5997665
ул. Заводская, д. 47;Комсомольское;Россия;55.2609894;47.5453296
ул. Культуры, д. 5/2;Кондратово;Россия;57.97605970000001;56.1057722
ул. 1 Мая, д. 76А;Красноармейск;Россия;51.0232366;45.6959978
ул. Краснореченская, д. 74;Хабаровск;Россия;48.409868;135.1058098
ул. П. Ильичева, д. 1;Корсаков;Россия;46.6355686;142.7830034
ул. 50 лет Октября, д. 2;Славянка;Россия;42.8615875;131.3936634
пр-т Шахтеров, д. 4, корп. 1;Краснокаменск;Россия;50.0925684;118.0312
ул. Ленина, д. 46;Кяхта;Россия;50.351892;106.449827
ул. Пролетарская, д. 109/1;Калининск;Россия;51.4964778;44.4818327
ул. Ленина, д. 60;Камбарка;Россия;56.2657658;54.1938654
5-й мкр, д. 1В;Камские Поляны;Россия;55.4285587;51.41377379999999
ул. Фрунзе, д. 6Е;Канаш;Россия;55.5011594;47.4693279
ул. Нефтяников, д. 14;Кандры;Россия;54.54730970000001;54.1111577
ул. Советская, д. 5;Кез;Россия;57.8976078;53.716479
ул. Карла Маркса, д. 9;Кинель-Черкассы;Россия;53.4643521;51.47980829999999
Юбилейный мкр, д. 19/1;Иркутск;Россия;52.2265525;104.3029361
ул. Коммунистическая, д. 33;Исилькуль;Россия;54.9181277;71.2661775
ул. Советская, д. 45;Ирбит;Россия;57.6734957;63.06912919999999
ул. 50 лет ВЛКСМ, д. 22, корпус Б;Исетское;Россия;56.4818964;65.3248576
ул. Республики, д. 10Е;Ишим;Россия;56.1219303;69.4974198
ул. Лежневская д. 117;Иваново;Россия;56.9748485;40.9760294
ул. Дзержинского, д. 21/2;Ивантеевка;Россия;55.9684974;37.9109353
пл. Революции, д. 6;Истра;Россия;55.9153482;36.8564098
ул. Мира, д. 222;Ильский;Россия;44.8464129;38.561404
ул. Арсеньева, д. 59;Кавалерово;Россия;44.2616755;135.0574492
ул. Кирова, д. 1;Камень-Рыболов;Россия;44.742771;132.0434848
ул. Ленинградская, д.31, корпус а;Карымское;Россия;51.62585499999999;114.3495154
ул. Гагарина, д. 89, корпус 1;Кировский;Россия;45.1022371;133.4944893
ул. Ленина, д. 45;Иглино;Россия;54.8323511;56.4074177
ул. Советская, д. 51;Игра;Россия;61.52401;105.318756
ул. Комсомольская, д. 48;Илек;Россия;51.5212267;53.3875398
ул. Тухачевского, д. 19;Инза;Россия;53.8596878;46.3512215
ул. Победы, д. 7;Суходол;Россия;53.902125;51.216089
ул. Советская, д. 15;Исянгулово;Россия;52.192727;56.573955
ул. Стахановская, д. 92;Ишимбай;Россия;53.449492;56.0377185
Крикковское шоссе, д.37, лит. А;Кингисепп;Россия;59.38360900000001;28.613667
6-й микрорайон, д. 8, корп. В;Сосногорск;Россия;63.58777749999999;53.91386379999999
ул. Советская, д. 21;Ильинско-Под.ское;Россия;61.115365;47.977735
ул. Советская, д. 11а;Избербаш;Россия;42.5497289;47.8731634
ул. Гагарина, д. 20;Иноземцево;Россия;44.0872981;43.0861155
ул. 40 лет ВЛКСМ, д. 6;Иланский;Россия;56.2374032;96.06456759999999
ул. Мира, д. 23;Заволжск;Россия;57.4838013;42.147228
ул. Советская, д. 15;Задонск;Россия;52.3883265;38.9173698
ул. Ленина, д. 1;Запрудня;Россия;56.5669443;37.4337458
1-й микрорайон, д. 31;Зарайск;Россия;54.7575142;38.8900376
Центральный проспект, к. 402;Зеленоград;Россия;56.0000777;37.208556
ул. Первомайская д. 13;Новозыбков;Россия;52.5346796;31.9298458
Рязановское шоссе, д. 11;Подольск;Россия;55.4713013;37.5512069
ул. 8 Марта, д. 38, корпус А;Ржев;Россия;56.2601907;34.3560647
ул. Обухова, д. 16;Зверево;Россия;48.0436546;40.1215684
пер. Игнатовский, д. 7;Зимовники;Россия;47.1456909;42.4681132
ул. Янгеля, д. 3, корпус Б;Знаменск;Россия;48.590321;45.7173709
ул. Шоссейная, 128А;Зуя;Россия;61.52401;105.318756
ул. Советская, д. 95;Холмск;Россия;47.0540823;142.0479139
ул. Маресьева, д. 12;Ибреси;Россия;55.30145350000001;47.0434123
ул. Советская, д.19;Межгорье;Россия;54.2386566;57.96077390000001
ул. Ленина, д. 138А;Земетчино;Россия;53.4965041;42.6220715
ул. Ленина, д. 42;Салават;Россия;53.35039829999999;55.92626449999999
ул. Прохорова, д. 44б;Йошкар-Ола;Россия;56.62988199999999;47.824354
ул. Советская, д. 23;Зубова Поляна;Россия;54.0762453;42.8379566
пл. Базарная, д. 1;Зуевка;Россия;58.4003007;51.1382329
ул. Бабикова, д. 14б;Заполярный;Россия;69.42956749999999;30.8237754
ул. Ленина, д. 27А;Рощино;Россия;55.3106141;61.25758829999999
ул. Ленина, д. 3;Зеленоградск;Россия;54.9593481;20.4738268
ул. Бульварная, д. 14;Зеленокумск;Россия;44.4018492;43.8842919
ул. Советская, д. 133;Завьялово;Россия;52.83814;80.9197181
ул. Ленина, д. 80;Залари;Россия;53.553968;102.496326
ул. Песчаная, д. 2;Зеленогорск;Россия;56.1019058;94.5768485
ул. Коммунистическая, д. 50;Зима;Россия;53.92186719999999;102.0456328
ул. Первомайская, д. 9Б, стр. 1;Заводоуковск;Россия;56.5096327;66.5370987
ул. Ленинградская, д. 9А;Заречный;Россия;56.7972307;61.3214779
посёлок Айский, д. 70;Златоуст;Россия;55.12526219999999;59.7006277
ул. Северная, д. 31/3;Жатай;Россия;62.1622663;129.8401924
шоссе Московское, д. 18;Жигулёвск;Россия;53.3860598;49.4555675
ул. Ленина, д. 125;Железноводск;Россия;44.1414858;43.0082895
пр-кт. имени Курчатова, д. 47;Железногорск;Россия;56.2331758;93.54932079999999
ул. Янгеля, д. 16;Железногорск-Илимский;Россия;56.58615899999999;104.113927
ул. Октябрьская, д. 65А;Жердевка;Россия;51.819085;41.506608
ул. Карла Маркса, д. 18;Жуковка;Россия;53.534122;33.73307700000001
пр-кт Ленина, д. 6;Жуковский;Россия;55.5974912;38.1132562
ул. Красноармейская, д. 12;Забайкальск;Россия;49.6426777;117.3318904
ул. Красноармейская, д. 18;Завитинск;Россия;50.1118089;129.4394257
микрорайон Светлый, д. 97;Зея;Россия;55.1949003;83.13897730000001
кв-л Лесной, д. 1;Заволжье;Россия;56.64130059999999;43.390794
ул. Калинина, д. 13;Завьялово;Россия;56.7914816;53.3806392
ул. Тажетдина Ялчыгола, д. 13;Заинск;Россия;55.2870905;52.0052679
ул. Ленина, д. 42;Заречный;Россия;53.19633210000001;45.1594798
ул. Пионерская, д. 3Б;Звенигово;Россия;55.9725324;48.0144769
ул. Победы, д. 17;Кузнецк;Россия;53.10910459999999;46.5893828
ул. Пролетарская, д. 24;Елабуга;Россия;55.7506937;52.0112402
ул. Коммунальная, д. 17;Ершов;Россия;51.3521934;48.27882839999999
ул. Дзержинского, д. 51;Емва;Россия;62.6063759;50.9013222
ул. Октябрьская, д. 411, корпус А;Ессентуки;Россия;44.0482782;42.8898805
пер. Школьный, д. 7;Ессентукская;Россия;44.0323293;42.88635439999999
ул. Ленина, д. 65;Тара;Россия;56.89279570000001;74.38132569999999
ул. Московская, д. 198-1;Емельяново;Россия;56.17019070000001;92.6820948
ул. Ленина, д. 142;Енисейск;Россия;58.45613999999999;92.1700245
ул. Ленина, д. 37а;Еманжелинск;Россия;54.7641678;61.30780360000001
ул. Советская, д. 82;Егорьевск;Россия;55.3831896;39.0349315
ул. Центральная, д. 40, стр. 1;Ермолино;Россия;56.1484982;37.4912138
ул. Советская, д. 90;Рославль;Россия;53.9457859;32.85638369999999
ул. Демышева, д. 109;Евпатория;Россия;45.1913306;33.3555978
ул. Ворошилова д. 106;Егорлыкская;Россия;46.5644695;40.6593716
ул. Ленина, д. 215;Елизаветинская;Россия;45.047291;38.8002148
ул. Придорожная, стр. 20;Строитель;Россия;61.52401;105.318756
ул. Красная, д. 2;Щигры;Россия;51.8706153;36.9187871
Старое Дмитровское ш., д. 2с1;Долгопрудный;Россия;55.9666347;37.5318093
ул. Октябрьская, д. 77;Донской;Россия;53.96696129999999;38.312349
ул. Южная, д. 4А;Дрезна;Россия;55.7366958;38.8471768
пр-кт Боголюбова, д. 19;Дубна;Россия;56.7356675;37.1601592
ул. Осипенко, д. 86А;Людиново;Россия;53.8756281;34.4755913
ул. Автозаводская, д. 37 Б;Ярцево;Россия;55.049244;32.7352824
ул. Ленина, д. 41;Тульский;Россия;44.5088064;40.1751279
ул. Горького, д. 98А;Майский;Россия;43.627543;44.057101
ул. Черноморская, д. 79;Джубга;Россия;44.3126085;38.701806
ул. Ленина, д. 15, корпус а;Джанкой;Россия;45.70944249999999;34.3941135
ул. Ленина, д. 10;Курганинск;Россия;44.8863941;40.5887426
пр-кт Ленина, д. 18А;Донецк;Россия;48.33412149999999;39.9461776
ул. Красноармейская, д. 52;Константиновск;Россия;47.5759858;41.1015833
ул. Имени Шишлянникова, д. 74А;Дубовка;Россия;49.056998;44.825349
ул. Кирова, д. 320;Нальчик;Россия;43.502433;43.620785
ул. Ленина, д. 21а;Елизово;Россия;53.18787950000001;158.383958
ул Ленина, д. 9;Данков;Россия;53.2513108;39.15998099999999
ул. Комсомольская, д. 18;Усмань;Россия;52.04399009999999;39.7285672
ул. Гагарина, д. 10;Дедовск;Россия;55.86035099999999;37.121339
территория Набережная Зона Отдыха, с1;Десногорск;Россия;54.1525745;33.287493
ул. Карла Маркса, д. 11;Малоярославец;Россия;55.650085;37.3258399
ул. Нефтяников, д. 48/2;Дзержинский;Россия;51.8265608;55.1053995
ул. Ленина, д. 57;Железногорск;Россия;52.34919619999999;35.3444783
ул. Советская, д. 178;Далматово;Россия;56.257693;62.93536700000001
ул. Калинина, д. 31, корпус У;Дегтярск;Россия;56.6963485;60.0895782
ул. Свердловская, д. 16;Долгодеревенское;Россия;55.3438655;61.3398523
ул. Ленина, д. 22;Лиски;Россия;50.9731556;39.503621
ул. Карла Маркса, д. 19Б;Данилов;Россия;58.18900499999999;40.17319
ул. Воскресенская, д. 2/1;Старая Русса;Россия;57.9920394;31.35409899999999
пр-кт Михаила Ивановича Калинина, д. 29 В;Дагестанские Огни;Россия;42.1152993;48.187622
ул. В. Ленина, д. 89 Г;Дербент;Россия;42.054946;48.288047
ул. Советская, д. 13;Дивное;Россия;45.9135173;43.3466221
ул. Октябрьская, д. 1;Донское;Россия;45.47380829999999;41.9868917
ул. Кирова, д. 52;Ленинск-Кузнецкий;Россия;54.66677499999999;86.16789969999999
ул. Бочкина, д. 10а, корпус 2;Дивногорск;Россия;55.95784769999999;92.3803698
пр-кт Коммунистический, д. 1а;Линёво;Россия;54.4598014;83.3773527
ул. Островского, д. 8;Дудинка;Россия;69.405447;86.17149599999999
ул. Карла Маркса, д. 53 к;Гуково;Россия;48.0169031;39.8782174
пр-кт 50 лет Октября, д. 45 А;Дальнегорск;Россия;44.5479898;135.5570053
ул. Комсомольская, д. 30;Долинск;Россия;47.3235973;142.7968708
ул. Ленина, д. 2;Давлеканово;Россия;54.2131225;55.0295431
ул. Магистральная, д. 29;Кстово;Россия;56.17562849999999;44.16339989999999
ул. Кул Шарифа, д. 7;Джалиль;Россия;55.0232413;52.7287505
ул. Хмельницкого, д. 100;Димитровград;Россия;54.2160851;49.6250926
ул. Советская, д. 95;Добрянка;Россия;58.46635329999999;56.3940028
ул. Василия Горшкова, д. 14;Дюртюли;Россия;55.4935628;54.8565568
ул. Революции, д. 4;Гусь-Хрустальный;Россия;55.6121971;40.6796112
ул. Пионерская, д. 273 Д;Майкоп;Россия;44.6090064;40.09008300000001
ул. Красная, д. 337, корпус А;Гиагинская;Россия;44.8711582;40.0603436
ул. Калинина, д. 1;Сальск;Россия;46.467983;41.5545717
ул. Ворошилова, д. 20;Кропоткин;Россия;45.4331587;40.5565273
ул. Ворошилова, д. 152;Каменск-Шахтинский;Россия;48.3052954;40.2950948
ул. Маршала Чуйкова, д. 1, корпус В;Городище;Россия;48.8070214;44.4763862
ул. Ленина, д. 190;Горячий Ключ;Россия;44.6335172;39.1337046
ул. Московская, д. 6;Новочеркасск;Россия;47.41163;40.100105
ул. Строителей, д. 155;Гагарин;Россия;55.5590859;34.9871346
ул. Ленина, д. 43;Галич;Россия;58.37620899999999;42.341582
ул. Советская Площадь, д. 3, строение Б1;Рыльск;Россия;51.57323179999999;34.6879663
ул. Октябрьская, д. 5;Клинцы;Россия;52.74604220000001;32.2378602
ул. Московская, д. 29;Звенигород;Россия;55.72994809999999;36.8582521
ул. Ленина, д. 34;Гороховец;Россия;56.20452179999999;42.6821158
ул. Мира, д. 7В;Новомосковск;Россия;54.0248151;38.25998149999999
ул. Советская, д. 157, литер 1Б;Грибановский;Россия;51.4596168;41.9773601
ул. Ленинская, д. 2;Грязи;Россия;52.4915191;39.9562369
ул. Ленина, д. 132;Грязовец;Россия;58.86444400000001;40.2517601
ул. Ломоносова, д. 8;Гусев;Россия;54.5947609;22.2031869
ул. Салогубова, д. 10;Георгиевск;Россия;44.12846469999999;43.4496004
ул. Кирова, д.47;Мостовской;Россия;44.4058651;40.8050169
ул. Белореченская, д. 38;Гудермес;Россия;43.34423;46.094599
ул. Ленина д. 50, корпус А;Таврическое;Россия;54.5834738;73.63641489999999
ул. Миронова, д. 124Б;Горняк;Россия;51.0029884;81.4657235
ул. Ленина, д. 26;Гурьевск;Россия;54.77632819999999;20.6018165
ул. Вокзальная, д. 60;Голышманово;Россия;56.3915491;68.3758807
4-й микрорайон, д. 32;Губкинский;Россия;62.14091759999999;65.431917
ул. Кирова, д. 1, корпус Б;Гаврилов-Ям;Россия;57.3048648;39.8556524
ул. Орская, д. 111б;Гай;Россия;51.4587728;58.4438534
ул. Маяковского, д. 86В;Кинель;Россия;53.2178325;50.6490494
ул. Динамо, д. 5;Глазов;Россия;58.13680099999999;52.659691
п. Пыра, ул. Московская, д. 16;Дзержинск;Россия;56.2938527;43.3553927
ул. Мира, д.17;Чусовой;Россия;58.2698734;57.8041371
п. им Тимирязева, ул. Новая, д. 8;Городец;Россия;56.6475625;43.4850095
ул. Дегтярева, д. 9, корп. Г;Губаха;Россия;58.8359126;57.5534694
ул. Хохлова, д. 8;Гатчина;Россия;59.57436800000001;30.122591
площадь Победы, д. 1;Гвардейск;Россия;54.6471755;21.0708465
ул. Труда, д. 54;Псков;Россия;57.84086300000001;28.349487
ул. им. Карла Маркса, д. 20 Г;Зерноград;Россия;46.847887;40.312861
ул. Калинина, д. 167ж;Вешенская;Россия;49.6274775;41.7507348
ул. Халтурина, д. 47;Лабинск;Россия;44.6350789;40.7329412
ул. Революционная, д. 27а;Феодосия;Россия;45.037717;35.3759475
ул. им. Битюцкого, д. 2А;Волжский;Россия;48.8176494;44.7707294
ул. Фрунзе, д. 31Б;Володарский;Россия;46.3961491;48.5308187
ул. им. Марии Овсянниковой, д. 15;Усть-Лабинск;Россия;45.21609650000001;39.6883071
ул. Ткаченко, д. 52;Выселки;Россия;45.582711;39.6513166
ул. Орехова, д. 69;Комсомольск-на-Амуре;Россия;50.5899079;137.0740229
ул. Ленина, д. 28 В;Гусиноозерск;Россия;51.28846;106.534992
ул. Пушкина, д. 183;Лукоянов;Россия;55.0297126;44.4868348
ул. Кирова, д. 4;Волоколамск;Россия;55.99451699999999;35.9416109
пл. Революции, д. 4, помещение 2;Новый Оскол;Россия;50.7642141;37.865896
ул. Старовская, д. 32;Вольгинский;Россия;55.950544;39.230803
пл. Ленина, д. 4;Калач;Россия;50.4243646;41.0140667
ул. Кагана, д. 17;Воскресенск;Россия;55.3121741;38.6520873
пр-кт Академика Туполева, д. 2;Домодедово;Россия;55.4163229;37.8349742
ул. Карла Маркса, д. 2А;Клин;Россия;56.3331192;36.7120303
пр-кт Казанский, д. 83;Вышний Волочёк;Россия;57.5874873;34.5602506
ул. Ленина, д. 34;Вязники;Россия;56.2416632;42.117327
ст. Варениковская, ул. Ленина, д. 60 Б;Варениковская;Россия;45.1255147;37.6450461
ул. Ставского, д. 34, корпус а;Васюринская;Россия;45.1195825;39.4152462
ул. Симонова, д. 47;Гулькевичи;Россия;45.3574051;40.6910925
ул. Транспортная, д. 2А;Сочи;Россия;43.5678409;39.753015
ул. Ленина, д. 157;Верхний Уфалей;Россия;56.0555217;60.2217788
пр-кт Успенский, д. 111;Верхняя Пышма;Россия;56.97654799999999;60.560467
ул. Воронова, д. 7, корпус а;Верхняя Салда;Россия;58.0526521;60.5647685
ул. Заславского, д. 29;Серов;Россия;59.60406039999999;60.5725787
ул. Центральная, д. 17А;Валуйки;Россия;50.1733127;38.1331558
ул. Ударников, д. 28а;Смоленск;Россия;54.8052506;32.0249942
ул. Бундурина, д. 10;Венев;Россия;54.3507556;38.2632597
микрорайон имени А. Маркова, д. 2;Дмитров;Россия;56.35030949999999;37.5218405
ул. Химиков, д. 5;Сафоново;Россия;55.0933951;33.2451803
ул. 40 лет Октября, д. 3И;Павловск;Россия;50.4541213;40.1283923
ул. Березовая, д. 4;Видное;Россия;55.54534940000001;37.7193981
ул. Покровского, д. 25;Вичуга;Россия;57.2072997;41.9221649
ул. Куйбышева, д. 5Ж;Владимир;Россия;56.16035189999999;40.3748818
ул. Имени 50-летия Ленинского Комсомола, д. 48а;Волгореченск;Россия;57.4363;41.1625
Окружное шоссе, д. 11А;Вологда;Россия;59.2071695;39.8115564
проспект Вингиссара, д. 29;Волосово;Россия;59.44436709999999;29.4817702
ул. Торфяная, д. 2А;Волхов;Россия;59.9031835;32.3564868
бульвар Пищевиков, д. 17, корпус Б;Воркута;Россия;67.5005394;64.0692955
пр-кт Октябрьский, д. 167;Всеволожск;Россия;60.0190765;30.6454359
ул. Некрасова, д. 37;Выборг;Россия;60.7050949;28.7646797
Архангельский тракт, д. 39;Вытегра;Россия;60.99605930000001;36.4585101
ул. Театральная, д. 15А;Вычегодский;Россия;61.249413;46.879562
ул. Абубакарова С-М., д. 1;Хасавюрт;Россия;43.2301564;46.6182846
ул. Ленина, д. 2;Ордынское;Россия;54.364259;81.909026
ул. Полины Осипенко, д. 2б;Промышленная;Россия;54.9133252;85.63161
пр-кт Строителей, д. 16;Заринск;Россия;53.7032252;84.925806
ул. Ленина, д. 11, корп. а;Вихоревка;Россия;56.1206955;101.1694954
ул. Спартака, д. 18/1;Варна;Россия;53.3835876;60.9679244
ул. Карла Маркса, д. 139;Верхнеуральск;Россия;53.876593;59.2200127
ул. Алешкова, д. 77, корпус А;Ветлуга;Россия;57.8496124;45.787012
рп. Вознесенское, ул. Ленина, д. 1, корпус А;Вознесенское;Россия;54.8909416;42.759208
ул. Ленина, д. 57;Волжск;Россия;55.8649444;48.3592838
ул. Революционная, д. 27;Вольск;Россия;52.0446238;47.3891544
ул. Максима Горького, д. 96;Воротынец;Россия;56.0601609;45.8648271
ул. Ленина, д. 4;Ворсма;Россия;55.99507879999999;43.285686
ул. 3-х Коммунистов, д. 16;Семенов;Россия;56.7938834;44.4942238
ул. Свободы, д. 16;Омутнинск;Россия;58.66568789999999;52.17509519999999
ул. Кирова, д.12;Воткинск;Россия;57.051418;53.988613
ул. Кооперативная, д. 1;Высокая гора;Россия;55.9125445;49.3106066
ул. Гагарина, д. 9, корп. А;Вятские Поляны;Россия;56.2244081;51.0757176
пр-т Комсомольский, д. 1А;Валдай;Россия;57.9735565;33.2573298
ул. Комсомольца Зверева, д. 30/25;Великие Луки;Россия;56.3399224;30.526375
ул. Стратилатовская, д. 12;Великий Новгород;Россия;58.528119;31.268168
ул. Красная, д. 112;Великий Устюг;Россия;60.7591506;46.307056
ул. Дзержинского, д. 99;Вельск;Россия;61.06951460000001;42.1091809
ул. Пролетарская, д. 107;Приморско-Ахтарск;Россия;46.0461564;38.1686848
ул. Портовая, д. 1а;Ванино;Россия;49.0911194;140.2658348
ул. Мира, д. 21;Вилюйск;Россия;63.75571149999999;121.6283614
ул. Победы, д. 6А;Вилючинск;Россия;52.9269478;158.4050821
ул. Некрасовская, д. 59;Владивосток;Россия;43.1307535;131.9111322
ул. Сидоренко, д. 3в;Находка;Россия;42.8491491;132.8925911
ул. Железнодорожная, д. 13;Вольно-Надеждинское;Россия;43.3704518;131.9933942
ул. Дальнереченская, д. 54;Дальнереченск;Россия;45.931472;133.7373343
ул. Энгельса, д. 11;Ува;Россия;56.9846758;52.1856583
ул. Нижегородская, д. 20А;Красные Баки;Россия;57.12791739999999;45.1613979
ул. Школьная, д. 5;Васильево;Россия;55.8311164;48.6783942
ул. Московская, д. 120, корп. 1;Киров;Россия;58.601411;49.619085
ул. Ленина, д. 90;Шахунья;Россия;57.66827049999999;46.6243875
ул. Мира, д. 29;Павлово;Россия;55.96446049999999;43.0643055
ул. Фабричная, д. 69, корп. В;Верещагино;Россия;58.0767627;54.6607669
ул. Коммунистическая, д. 40/1;Верхнеяркеево;Россия;55.0231284;82.9206258
ул. Ленина, д. 68;Верхние Татышлы;Россия;56.2907941;55.8560811
ул. Cоветская, д. 80;Борисоглебск;Россия;51.368437;42.0959438
ул. Льва Толстого, д. 15А/3;Киреевск;Россия;53.92602489999999;37.9277788
ул. Советская, д. 116А;Бронницы;Россия;55.41520449999999;38.2826689
ул. Октябрьская, д. 8;Узловая;Россия;53.9753151;38.1578034
ул. Октябрьской Революции, д. 42;Буй;Россия;58.4761923;41.5397938
ул. Ленина, д. 49;Бутурлиновка;Россия;50.8341316;40.5884802
ул. Ленина, д. 184, корпус 18;Дятьково;Россия;53.5992555;34.3351369
ул. Генерала Петрова, д. 37Т;Керчь;Россия;45.3665153;36.5077467
пер. Карьерный, д. 4;Миллерово;Россия;48.9283454;40.4192216
ул. Октябрьская, д. 54;Брюховецкая;Россия;45.8023187;39.002699
ул. Первомайская, д. 199;Белая Глина;Россия;46.07262129999999;40.8715909
ул. Вокзальная, д. 84;Белая Калитва;Россия;48.1749023;40.7923604
ул. Нижнегорская, д. 44;Белогорск;Россия;45.0602103;34.5965784
ул. Интернациональная, д. 103;Белореченск;Россия;44.7569274;39.8716044
ул. Красная, д. 106А;Кореновск;Россия;45.464315;39.4481148
ул. Строителей, д. 9А;Волгодонск;Россия;47.5149503;42.1943904
ул. Красноармейская, д. 130;Семикаракорск;Россия;47.5210362;40.81135099999999
пр-кт. Ленина, д. 48;Новороссийск;Россия;44.6918617;37.789313
ул. Октябрьская, д. 29Б;Ливны;Россия;52.4121804;37.5919976
ул. Коммунальная, д. 10;Белоозёрский;Россия;55.45744329999999;38.4451732
ул. Пушкина, д. 125;Луховицы;Россия;54.9662636;39.0275346
ул. Московская, д. 57;Обнинск;Россия;55.089902;36.630367
ул. Дуки, д. 31;Брянск;Россия;53.260275;34.366632
пр-кт Молодежный, д. 10;Старый Оскол;Россия;51.31749;37.8998554
ул. 22 Января, д. 73;Бобров;Россия;51.0987249;40.0321673
ул. Комсомольская, д. 5;Губкин;Россия;51.2794862;37.5484796
ул. Мира, д. 2;Можайск;Россия;55.504251;36.0299414
ул. Комсомольская, д. 10;Пересвет;Россия;56.417823;38.1802851
ул. Дзержинского, д. 16;Богучар;Россия;49.9334149;40.5559105
ул. Кирова, д. 5;Бологое;Россия;57.8854645;34.0517145
Кромское шоссе, д. 4;Орёл;Россия;52.9204067;36.0100769
ул. Ленина, д. 9;Шебекино;Россия;50.4129722;36.8895432
ул. Октябрьская, д. 139;Россошь;Россия;50.2007039;39.525765
ул. Советская, д. 1Б;Голицыно;Россия;55.6287288;36.9858621
ул. Большая Покровская, д. 14;Павловский Посад;Россия;55.778047;38.652057
пр-кт Победы, д. 2;Курск;Россия;51.7729584;36.1777626
ул. Героя России Эдуарда Белана, д. 5;Липецк;Россия;52.5839812;39.5102887
ул. Фадеева, д. 2Б;Белый Яр;Россия;61.26086609999999;73.2620527
ул. Гагарина, д. 22;Берёзовский;Россия;56.9132894;60.82408839999999
ул. Октябрьская, д. 11А;Богданович;Россия;56.772329;62.04673400000001
ул. Ленина, д. 21;Бреды;Россия;52.423614;60.3408658
ул. Советская, д. 7в;Калуга;Россия;54.5151917;36.3331005
ул. Московская, д. 21В;Балабаново;Россия;55.1834026;36.6770189
ул. Гагарина, д. 7/4;Балашиха;Россия;55.7574094;38.0872447
пер. Заводской, д. 4;Киров;Россия;58.6294682;49.6714925
ул. Ленина, д. 30;Богородицк;Россия;53.7702778;38.1226172
ул. Большая, д. 60;Бежецк;Россия;57.7838103;36.6913785
ул. Ленина, д. 43;Обоянь;Россия;51.2110472;36.2717972
ул. Московская, д. 5;Стародуб;Россия;52.5868432;32.7617468
ул. Щорса, д. 53;Белгород;Россия;50.5563545;36.5736829
ул. Ленина, д. 63;Бохан;Россия;53.153491;103.7773727
ул. Крупской, д. 40;Братск;Россия;56.17185629999999;101.6186855
ул. Советская, д. 224;Искитим;Россия;54.638668;83.309207
ул. Октябрьская, д. 18А;Бакал;Россия;54.9406873;58.8080317
ул. Мира, д. 1;Белоярский;Россия;63.7064673;66.66390290000001
ул. Пушкина, д. 103;Благовещенка;Россия;52.82939289999999;79.8698781
ул. Ленина, д. 90;Мариинск;Россия;56.20627;87.7457029
ул. Ленина, д. 95;Черлак;Россия;54.153004;74.7978739
ул. Ленина, д. 11А;Марьяновка;Россия;61.52401;105.318756
ул. Октябрьская, д. 82;Богучаны;Россия;58.38528780000001;97.474767
ул. 50 лет Октября, д. 1;Болотное;Россия;55.66957069999999;84.3922659
ул. Советов, д. 39;Большеречье;Россия;56.0985332;74.6244299
ул. Ленина, д. 54;Бородино;Россия;55.90079;94.8950538
ул. Октябрьская, д. 14А;Новоалтайск;Россия;53.3897036;83.9351071
ул. Романова, д. 2;Черепаново;Россия;54.2216994;83.37249050000001
ул. Миронова, д. 124Б;Рубцовск;Россия;51.5280125;81.21693719999999
ул. Ленина, д. 5;Белово;Россия;54.420777;86.3089202
ул. Советская, д. 7;Белокуриха;Россия;51.9970835;84.981569
ул. Петра Ильичева, д. 22А;Калачинск;Россия;55.0564294;74.5867304
ул. Декабристов, д. 14;Бийск;Россия;52.4893791;85.14461879999999
ул. Свердлова, д. 30а;Ипатово;Россия;45.711469;42.9090885
ул. Кирова, д. 66;Моздок;Россия;43.7347973;44.65854179999999
ул. Имама Шамиля, д. 60;Буйнакск;Россия;42.8101843;47.1315501
ул. Ленина, д. 25;Карасук;Россия;53.7286043;78.03420950000002
мкр. Гагарина, д. 215;Байкальск;Россия;51.5222673;104.1482176
ул. Карла Маркса, д. 119;Барабинск;Россия;55.3507536;78.3459018
ул. Пугачева, д. 1Г;Змеиногорск;Россия;51.1569779;82.1865495
пр-кт Шахтеров, д. 2 А;Березовский;Россия;55.6656572;86.2793573
Павловский тракт, д. 251Ж;Барнаул;Россия;53.342273;83.686802
ул. Шевцовой, д. 61;Бачатский;Россия;54.283259;86.0984192
пр-кт Советский, д. 78;Белозерск;Россия;60.0336039;37.790996
ул. Карельская, д. 2Б;Беломорск;Россия;64.5217637;34.7655483
ул. Павлина Виноградова, д. 69;Березник;Россия;62.85243380000001;42.7091961
ул. Ленинградская, д. 91;Боровичи;Россия;58.3857226;33.895767
ул. Гагарина, д. 3А;Невинномысск;Россия;44.6443661;41.9404526
ул. Курганная, д. 45 б;Назрань;Россия;43.196933;44.758982
ул. Семыкина, д. 32;Изобильный;Россия;45.375153;41.7114005
ул. Ленина, д. 347;Ставрополь;Россия;45.0375039;41.9449548
ул. Чапаева, д. 319;Благодарный;Россия;45.1028241;43.4372225
ул. Заречная, д. 35;Починки;Россия;54.70206349999999;44.8526793
ул. Школьная, д. 6;Перевоз;Россия;55.5081994;31.08730869999999
ул. Артёма, д. 96;Стерлитамак;Россия;53.6229774;55.9025916
ул. Вокзальная, д. 13;Бор;Россия;56.4080356;43.9806923
ул. Ленина, д. 3;Бугульма;Россия;54.5447077;52.7889603
ул. Революционная, д. 41;Бугуруслан;Россия;53.6552294;52.43733779999999
ул. Строительная, д. 1;Буинск;Россия;54.9854328;48.3072441
ул. Колхозная, д. 16;Бураево;Россия;55.8487604;55.4056946
ул. Советская, д. 25;Бабаево;Россия;59.39011199999999;35.947607
ул. Виктора Денисова, д. 22;Калининград;Россия;54.7128387;20.5890042
ул. Гоголя, д. 1, корпус в;Балтийск;Россия;54.6582432;19.9111377
ул. Гагарина, д. 7А;Пенза;Россия;53.2205131;45.0003202
ул. Интернациональная, д. 22;Бирск;Россия;55.4157531;55.5321011
ул. Комарова, д. 19, корпус 1;Благовещенск;Россия;55.0520339;55.9575368
ул. Калинина, д. 76А;Выкса;Россия;55.3422299;42.1633781
пр-кт Победы, д. 18;Нефтегорск;Россия;52.7975375;51.1654369
ул. С. Сайдашева, д. 23;Богатые Сабы;Россия;56.018157;50.45064
пер. Центральный, д. 4;Богородск;Россия;56.10202469999999;43.5162554
ул. Хирурга Шеронова, д. 15;Болгар;Россия;54.9823615;49.0282752
ул. Советская, д. 41;Большая Глушица;Россия;52.39155900000001;50.479882
ул. Урицкого, д. 12;Очер;Россия;57.8844465;54.715379
ул. Советская, д. 26;Большеустьикинское;Россия;55.9387035;58.266912
ул. Кооперативная, д. 1;Балезино;Россия;57.9729566;53.0109632
ул. Матросова, д. 10;Барда;Россия;56.92692049999999;55.5868092
ул. Красноармейская, д. 37;Барыш;Россия;53.6505905;47.1074371
ул. Чкалова, д. 21;Каменка;Россия;53.1951834;43.9842424
ул. Ленина, д. 16;Батырево;Россия;55.0683259;47.6062983
ул. Сергеева, д. 68;Нижний Ломов;Россия;53.537691;43.689874
ул. Мамистова, д. 3;Безенчук;Россия;52.980159;49.431375
ул. Ленина, д. 110, корпус Б;Сердобск;Россия;52.4551752;44.2055478
ул. Ленина, д. 5;Белая Холуница;Россия;58.84752839999999;50.8456738
ул. Войкова, д. 128;Белебей;Россия;54.10999229999999;54.1130815
ул. Точисского, д. 27;Белорецк;Россия;53.9650724;58.4108794
ул. Карла Маркса, д. 106;Борзя;Россия;50.3906874;116.5341047
ул. Пионерская, д. 11, корп. А;Бавлы;Россия;54.40276739999999;53.232498
ул. Советская, д. 1;Базарные Матаки;Россия;54.9015619;49.922841
ул.Помяловского, д. 27;Базарный Карабулак;Россия;52.2788598;46.4106439
ул. Ленина, д. 137в;Никольск;Россия;53.71443799999999;46.082505
ул. Сергея Есенина, д. 15, корпус 1;Баймак;Россия;52.5974199;58.30644189999999
ул. Береговая, д. 31/1;Бакалы;Россия;55.1762528;53.8101385
ул. Комарова, д. 135/13;Балаково;Россия;52.005263;47.79130920000001
ул. Садовая, д. 8А;Балахна;Россия;56.5046948;43.6017674
ул. Красильникова, д. 43;Сызрань;Россия;53.176279;48.484952
ул. Энтузиастов, д. 1;Балашов;Россия;51.5486602;43.215113
ул. Фрунзе, д. 31Б;Астрахань;Россия;46.3872469;48.089394
пр-т Ленина, д. 15;Баксан;Россия;43.679372;43.534628
ул. Кооперации, д. 141/2;Ленинградская;Россия;46.3270312;39.3890793
ул. Пушкина, д. 124Б;Афипский;Россия;44.911331;38.8451484
ул. Калинина, квартал 184, № 1;Темрюк;Россия;45.2704271;37.4098141
ул. Братская, д. 163;Тимашевск;Россия;45.6121489;38.9308799
ул. Добролюбова, д. 5Б;Ахтубинск;Россия;48.2904207;46.1666807
ул. Колхозная, д. 41;Ахтырский;Россия;44.8366699;38.301609
ул. Кирова, д. 306/2;Белогорск;Россия;50.89895019999999;128.5359804
ул. Гагарина, д. 89;Бикин;Россия;46.81150179999999;134.2562181
ул. Шолом-Алейхема, д. 10А;Биробиджан;Россия;48.7899086;132.9333488
ул. Амурская, д. 3а;Благовещенск;Россия;50.2597398;127.5776525
ул. Аллея Труда, д. 35, корп. А;Большой Камень;Россия;43.1124743;132.3451658
ул. Советская, д. 1 А;Северская;Россия;44.8483106;38.6738397
проспект Ленина, д. 43, корпус 9;Аксай;Россия;47.2641365;39.8712732
ул. Свердлова, д. 79, корпус 1;Ейск;Россия;46.7106427;38.2744911
ул. Кольцовская, д. 62;Староминская;Россия;46.5367094;39.0594362
ул. Октябрьская, д. 81;Тихорецк;Россия;45.8633329;40.1373943
ул. Пролетарская, д. 87;Прохладный;Россия;43.7626278;44.0072727
ул. Пионерская, д. 1, строение А;Алушта;Россия;44.67696309999999;34.4084994
ул. Астраханская, д. 120А;Анапа;Россия;44.8800197;37.3362653
ул. Ленина, д. 111;Славянск-на-Кубани;Россия;45.254041;38.1184229
ул. Партизанская, д. 1г;Апшеронск;Россия;44.4742277;39.7256216
ул. Мира, д. 85;Армавир;Россия;44.992259;41.135754
ул. Симферопольская, д. 1А;Армянск;Россия;46.1141177;33.6917921
ул. Кирова, д. 117;Геленджик;Россия;44.5699513;38.0912403
ул. Трубников, д. 52;Первоуральск;Россия;56.897704;59.9529114
ул. Мира, д. 2;Аша;Россия;54.9923185;57.2798023
Красный пер., д. 13/1;Александров;Россия;56.3964698;38.7140877
ул. Карла Маркса, д 4;Алексеевка;Россия;50.6171105;38.6802126
площадь Победы, д. 4;Алексин;Россия;54.5017082;37.0541014
ул. Советская, д. 22;Нелидово;Россия;56.22473;32.7673471
ул. Героя Михайлова, д. 2;Вязьма;Россия;55.21003839999999;34.2969554
ул. Ленина, д. 32;Анна;Россия;61.52401;105.318756
ул. Августовская, д. 14;Апрелевка;Россия;55.5497333;37.0684859
ул. Карпова, д. 100;Тула;Россия;54.2393526;37.6365406
ул. Комсомольская, д. 19A;Ефремов;Россия;53.14338679999999;38.1222883
ул. Александровская, д. 1Г;Елец;Россия;52.636292;38.458029
пр-т Комсомольский, д. 98;Абинск;Россия;44.8699094;38.1510072
ул. Гагарина, д. 9, корпус Б;Туапсе;Россия;44.0942363;39.0779541
пр-кт Зои Космодемьянской, д. 52;Азов;Россия;47.1065449;39.428759
18-й микрорайон, д. 20, корп. 1;Ангарск;Россия;52.5043806;103.8447426
ул. Тухачевского, д. 50а;Кемерово;Россия;55.317061;86.13562739999999
ул. Ленина, д. 13А;Анжеро–Судженск;Россия;56.08035479999999;86.0198274
ул. Партизанская, д. 72;Тальменка;Россия;53.8160237;83.5599307
пр-кт Победы, д. 10;Юрга;Россия;55.7130838;84.9350798
ул. Ленина, д. 127;Муромцево;Россия;56.3712305;75.2361988
ул. Новая, д. 40;Краснобродский;Россия;54.15777629999999;86.450703
ул. Станционная, д. 23/3;Асино;Россия;56.9972289;86.157541
пр-кт Курако, д. 49;Новокузнецк;Россия;53.7603964;87.0995535
1-й микрорайон, д. 41а;Ачинск;Россия;62.14635069999999;65.4399624
ул. Смирнова, д. 1ж;Томск;Россия;56.5199837;84.9950769
ул. Алтайская, д. 26, корпус Б;Майма;Россия;52.003474;85.90210309999999
ул. Ленина, д. 8, корпус 1;Алапаевск;Россия;57.850338;61.70304400000001
ул. 1 Мая, д. 30;Арамиль;Россия;56.6946441;60.83369700000001
ул. Комсомольская, д. 8;Аргаяш;Россия;55.48824579999999;60.87929500000001
ул. Ленина, д. 2, корпус Б;Артемовский;Россия;57.34394400000001;61.8873444
ул. Рабочей молодежи, д. 78/82;Арти;Россия;56.4168314;58.529798
ул. Ленинградская, д. 26, корпус 2;Асбест;Россия;57.01300000000001;61.454344
ул. Партизанская, д. 31, строение 2;Архангельск;Россия;64.5943825;40.5843108
ул. Весенняя, д. 15В;Владикавказ;Россия;43.039509;44.63192
ул. Панагюриште, д. 1;Пятигорск;Россия;44.05416839999999;43.063039
Выставочная площадь, д. 47Б;Светлоград;Россия;45.3272774;42.8549952
ул. Калинина, д. 48;Александровское;Россия;44.7090045;43.0026516
ул. Комсомольская, д. 201;Зеленчукская;Россия;43.8444396;41.5899747
ул. Эсет Кишиевой, д. 77/213;Грозный;Россия;43.3226771;45.7064893
ул. Осканова, д. 18;Сунжа;Россия;43.3074013;44.9124497
пр-кт Карла Маркса, д. 81/1;Минеральные Воды;Россия;44.21340499999999;43.124637
ул. Шоссейная, д. 117Г;Аргун;Россия;43.2926866;45.8802378
ул. Кирова, д. 27А;Арзгир;Россия;45.3656671;44.22719740000001
пр-кт Чехова, д. 183;Буденновск;Россия;44.7818056;44.1569424
ул. Набережная, д. 26;Абаза;Россия;52.6225919;90.0794098
ул. Некрасова, д. 8;Абакан;Россия;53.718747;91.4260652
10-й квартал, д. 5;Куйбышев;Россия;53.2990857;50.290589
ул. Красная Сибирь, д. 120А;Бердск;Россия;54.75099299999999;83.0622298
ул. Победы, д. 125;Алейск;Россия;52.4978197;82.7719856
ул. 70 лет Октября, д. 4;Любинский;Россия;55.1551376;72.6909484
ул. Максима Горького, д. 12г;Алтайское;Россия;51.9665597;85.33907959999999
ул. Ленина, д. 97;Славгород;Россия;52.99207;78.6463656
пр-т Ленина, д. 131;Актаныш;Россия;55.724951;54.056212
ул. Батанова, д. 6;Акъяр;Россия;51.8608191;58.2173853
ул. Московская, д. 37;Алатырь;Россия;54.8505392;46.5941647
мкр. 70 лет ВЛКСМ, д. 16/ 1;Оренбург;Россия;51.8265782;55.142532
ул. Мира, 82;Березники;Россия;59.40910969999999;56.8519934
пр-кт Максима Горького, д. 34А;Чебоксары;Россия;56.14922250000001;47.1757414
ул. Косогорная, д. 33;Похвистнево;Россия;53.6462567;52.1188765
ул. Герцена, д. 3В, строение 2;Альметьевск;Россия;54.9031721;52.323007
ул. Советская, д. 98, корп. А;Котельнич;Россия;58.3028746;48.3443875
ул. Карла Маркса, д. 84;Ардатов;Россия;61.52401;105.318756
ул. Свердлова, д. 63;Ардатов;Россия;55.24283579999999;43.0971112
ул. Севастопольская, д. 26;Арзамас;Россия;55.39908459999999;43.837162
ул. Лермонтова, д. 51;Арск;Россия;56.09102679999999;49.8802087
ул. Султан-Галиева, д. 34;Кармаскалы;Россия;54.3666432;56.180844
ул. Механизаторов, д. 33;Урень;Россия;57.4752944;45.7906337
ул.Тангатарская, д. 17;Аскарово;Россия;53.33507520000001;58.51047209999999
ул. Пионерская, д. 8/4;Аскино;Россия;56.0874943;56.5786644
ул. Гагарина, д. 107;Аткарск;Россия;51.8692153;44.9945358
ул. Первомайская, д. 40;Сыктывкар;Россия;61.675679;50.8229333
ул. Машиностроителей, д. 3А;Тихвин;Россия;59.638091;33.510665
ул. Космонавтов, д. 3;Апатиты;Россия;67.5691438;33.4160894
ул. Ленина, д. 29;Багаевская;Россия;47.3227146;40.3718262
ул. Ленина, д. 49;Агинское;Россия;51.1064078;114.5454961
ул. Октябрьская, д. 65А, корпус 1;Алдан;Россия;58.6149866;125.3973192
пр-кт Мира, д. 55;Амурск;Россия;50.22816419999999;136.8968826
ул. Калинина, д. 55;Анива;Россия;46.7197924;142.5223288
ул. Жуковского, д. 39/1;Арсеньев;Россия;44.1548829;133.2722061
ул. Партизанская, д. 2;Артем;Россия;43.3522358;132.1754408
ул. Почтовая, д. 9;Абдулино;Россия;53.6898606;53.6437676
ул. Ленина, д. 53;Бузулук;Россия;52.7912563;52.26600740000001
ул. Академика Курчатова, д. 15/4;Агидель;Россия;55.90032739999999;53.9271429
пр-кт Ленина, д. 23;Туймазы;Россия;54.6006987;53.6971388
ул. Нариманова, д. 2;Агрыз;Россия;56.523371;52.9933529
ул. Нефтяников, д. 33;Азнакаево;Россия;54.8554978;53.0890214
Центральная ул. 5;Зеленодольск;Россия;55.8509865;48.4986799
ул. Оренбургская, д. 14;Соль-Илецк;Россия;51.155548;54.997934
ул. Ленина, д. 2а;Аксубаево;Россия;54.84704379999999;50.807637
ул. Гагарина, д.148, корпус 3;Яблоновский;Россия;44.99256889999999;38.9306135
пер. Дарсановский, д. 10;Ялта;Россия;44.5046654;34.1544887
ул. Садовая, д. 19А;Ядрин;Россия;55.9459067;46.2002349
ул. Пушиной, д. 76;Якшур-Бодья;Россия;57.196013;53.1529831
ул. Ленина, д. 40, корпус А;Яранск;Россия;57.30278249999999;47.8805887
ул. Ленина, д. 4Б;Ясный;Россия;51.03361599999999;59.8774912
ул. Ленина, д. 20;Яровое;Россия;52.9322752;78.5731129
ул. Куйбышева, д. 8;Яшкино;Россия;55.8690548;85.4417959
ул. Свободы, д. 177, корпус 1;Ялуторовск;Россия;56.6459085;66.29749149999999
ул. Полушкина роща, д. 9, стр. 13;Ярославль;Россия;57.65799809999999;39.86397520000001
ул. Советская, д. 6,;Ясногорск;Россия;54.4808287;37.685731
ул Фридриха Энгельса, д 18;Эртиль;Россия;51.8349163;40.8024547
ул. Чкалова, д. 26А;Энем;Россия;44.9223621;38.9073044
ул. Гнечко, д. 2, корпус а;Южно-Курильск;Россия;44.0345224;145.8586038
ул. Шлакоблочная, д. 24/6;Южно-Сахалинск;Россия;46.9945166;142.7282492
ул. Октябрьская, д. 2;Югорск;Россия;61.3158016;63.34258269999999
ул. Мира, д. 50;Южноуральск;Россия;54.4416008;61.274291
ул. Советская, д. 93;Юрюзань;Россия;54.8517179;58.4177234
пр-зд Глушицкий, д. 2, корпус В;Южа;Россия;56.5823516;42.011736
ул. Краснооктябрьская, д. 1;Юрьев-Польский;Россия;56.50181620000001;39.679334
ул. Чернышевского, д. 107А;Якутск;Россия;61.994723;129.703101
ул. 1-я Советская, д. 26 корпус А;Шаховская;Россия;56.031138;35.5130987
ул. Вокзальная, д. 30;Шилово;Россия;54.3214671;40.8873683
ул. Мартирия Соловьева, д. 4;Шуя;Россия;56.8534435;41.3805663
ул. Чкаловская, д. 10А;Щелково;Россия;55.90708009999999;38.0473486
Бутовский тупик, д. 14;Щербинка;Россия;55.5087279;37.5612353
ул. Максима Горького, д. 54;Энгельс;Россия;51.4971402;46.113955
ул. Советская, д. 38;Электрогорск;Россия;55.8703757;38.7818962
ул. Карла Маркса, д. 30, корпус А;Электросталь;Россия;55.797689;38.465625
ул. Школьная, д. 23;Электроугли;Россия;55.71682560000001;38.2162808
ул. Ломоносова, д. 13;Шенкурск;Россия;62.1091596;42.8956198
мкрн Пионерный, д. 9;Шарыпово;Россия;55.52576380000001;89.1873889
ул. Советская, д. 76;Шебалино;Россия;51.2940996;85.67632329999999
6 квартал, д. 30, корп. А;Шелехов;Россия;52.2091222;104.0933685
ул. Дзержинского, д. 16а, корпус 1;Шерегеш;Россия;52.9290701;87.9828161
ул. Курортная, д. 55;Шира;Россия;54.4961247;89.9753755
ул. Полукольцевая, д. 17;Шушенское;Россия;53.3272006;91.9431117
ул. Комсомольская, д. 17;Шадринск;Россия;56.082705;63.630516
ул. Ленина, д. 55Б;Шумиха;Россия;55.2245569;63.2878373
ул. им Адмирала Виноградова, д. 37А;Шарья;Россия;58.37297900000001;45.494076
ул. Спортивная, д. 2;Шатура;Россия;55.58259779999999;39.5227555
ул. Октябрьская, д. 1А;Чернянка;Россия;50.942806;37.804942
ул. Энгельса, д. 52;Чехов;Россия;55.1526235;37.4603613
ул. Социалистическая, д. 54, корпус Д;Чалтырь;Россия;47.2827364;39.5187501
ул. Революции, д. 9, корпус А;Черноморское;Россия;45.5085735;32.6984791
ул. Им. Пузырева д.16;Шилка;Россия;51.85098;116.028462
ул. Орджоникидзе, д. 36;Шимановск;Россия;51.9960799;127.667337
ул. Центральная, д. 12в;Шаран;Россия;54.815259;53.9992392
ул. Свободы, д. 20а;Шаранга;Россия;57.180832;46.540173
ул. Калининская, д. 2;Шарлык;Россия;52.9224215;54.7431504
ул. Центральная, д. 33;Шатки;Россия;55.1895947;44.1219494
ул. Труда, д. 13А;Шексна;Россия;59.2122699;38.5103246
ул. Полющенкова, д. 28 В;Чистополь;Россия;55.3592622;50.5766927
ул. Кирова, д.15А;Чишмы;Россия;54.5902135;55.3821473
ул. Лесная, д. 1, корпус А;Чкаловск;Россия;56.7628261;43.225855
ул. Ленинградская, д. 1;Череповец;Россия;59.09975300000001;37.9132589
ул. Калининградская, д. 5;Черняховск;Россия;54.63576699999999;21.8057396
ул. Кавказская, д. 33, корпус А;Черкесск;Россия;44.232598;42.0521048
ул. Победы, д. 36/1;Чаны;Россия;55.3064005;76.7596519
ул. Первомайская, д. 199/Б;Черемхово;Россия;53.1488193;103.0675114
ул. Юбилейная, д. 24, корпус А;Черногорск;Россия;53.827431;91.33557619999999
ул. Фрунзе, д. 2а;Чунский;Россия;56.0860199;99.66315240000002
ул. Мира д. 17 А;Чебаркуль;Россия;54.9764455;60.37008729999999
ул. Московская, д 30;Чаплыгин;Россия;53.2491964;39.960682
пр-кт Институтский, д. 5Г;Черноголовка;Россия;56.009853;38.376558
ул. Верещагина, д. 105;Ханская;Россия;44.6788978;39.9608956
ул. Ленина, д. 17;Харабали;Россия;47.40380099999999;47.2490203
ул. Мира, д. 7, корпус А;Холмская;Россия;44.8440824;38.3942457
б-р Парковый, д. 5;Цивильск;Россия;55.8622466;47.4789054
ул. Московская, д. 74, корпус В;Цимлянск;Россия;47.6431057;42.090653
ул. Пионерская, д. 19;Чегд.ын;Россия;51.1224657;132.9912652
ул. Октябрьская, д. 70;Черниговка;Россия;44.3427051;132.5755314
ул. Журавлева, д. 50;Чернышевск;Россия;52.5104876;117.0076219
ул. Космонавтов, д. 19;Чита;Россия;52.0853021;113.3870471
ул.50 Лет Октября, д. 222;Чугуевка;Россия;44.1586586;133.8586441
ул. Карла Маркса, д. 21;Чурапча;Россия;62.0024051;132.4276865
ул. Запорожская, д. 18А;Чапаевск;Россия;52.9548013;49.68953399999999
ул. Ленина, д. 32Б;Чекмагуш;Россия;55.14779;54.643811
переулок Советский, д. 6;Чердаклы;Россия;54.3548951;48.8453426
ул. Энтузиастов, д. 11;Уд.ля;Россия;61.52401;105.318756
ул. Чайкиной, д. 2А;Урюпинск;Россия;50.79768199999999;42.004306
ул. Постникова, д. 2;Фокино;Россия;42.9703812;132.4084776
ул. Ленина, д. 10;Фёдоровский;Россия;61.6062656;73.7223863
пр-кт Мира, д. 18;Фрязино;Россия;55.954354;38.0574129
ул. Молодежная, д. 8Б;Фряново;Россия;56.117603;38.418803
ул. Социалистическая, д. 2;Фурманов;Россия;57.2479912;41.10488369999999
ул. Спартаковская, д. 1;Фролово;Россия;49.77091;43.6219933
ул. Ленинская, 104 А;Хороль;Россия;44.423413;132.076216
ул. Советская, д. 134;Хвалынск;Россия;52.4930367;48.11096819999999
ул. Октябрьская, д. 14;Харовск;Россия;59.95078099999999;40.207128
набережная им. Горончаровского, д. 29;Холмогоры;Россия;64.229674;41.65288169999999
ул. Ленина, д. 50;Хабары;Россия;53.6234434;79.5422252
ул. Трактовая, д. 1;Хомутово;Россия;52.47257639999999;104.4039141
ул. Чехова, д. 82;Ханты-Мансийск;Россия;61.00441300000001;69.055488
ул. Михеенко, д. 14;Хотьково;Россия;56.2519676;37.9796425
ул. Первомайская, д. 170;Хадыженск;Россия;44.4287694;39.5306322
ул. Рокина, д. 9, корпус А;Уржум;Россия;57.1134723;50.00323789999999
ул. Пушкина, д. 111;Уруссу;Россия;54.59656649999999;53.4746085
ул. Ленина, д. 31А;Учалы;Россия;54.3222645;59.3750875
ул. Нефтяников, д. 36;Усинск;Россия;65.99278129999999;57.5423177
переулок Коммунистический, д. 11;Устюжна;Россия;58.8416809;36.4262887
пр-т Ленина, д. 22;Ухта;Россия;63.56608670000001;53.6697877
ул. Курортная, д. 198;Усть-Джегута;Россия;44.0782083;41.9735929
ул. Кирова, д. 28;Ужур;Россия;55.3199944;89.8431513
ул. Республики, д. 6к1;Усолье-Сибирское;Россия;52.7525942;103.6618723
ул. Октябрьская, д. 17, корпус А;Усть-Абакан;Россия;53.8364778;91.3994328
ул. Ленина, д. 4;Усть-Илимск;Россия;57.9877985;102.6670714
ул. Кирова, д. 19;Усть-Кут;Россия;56.7814641;105.7457706
ул. Ербанова, д. 50Б/1;Усть-Ордынский;Россия;52.7994073;104.7314117
ул. Ленина, д. 98;Урай;Россия;60.12852669999999;64.7790352
2-й микрорайон, д. 46;Усть-Катав;Россия;54.9272492;58.13807749999999
г. Уварово, мкр 2;Уварово;Россия;51.9724727;42.26415770000001
ул. Бахарева, д. 2/1;Углич;Россия;57.5335;38.334834
ул. Спорта, д. 26;Туринск;Россия;58.0477418;63.6883481
ул. Советская, д. 141;Таловая;Россия;51.11885359999999;40.7241617
ул. Рылеева, д. 83;Тамбов;Россия;52.7708412;41.4149287
пр-кт Победы, д. 14;Тверь;Россия;56.8449701;35.9156538
ул. Октябрьская, д. 51;Тейково;Россия;56.8538912;40.5490345
ул. Гаршина, д. 3В;Томилино;Россия;55.6631521;37.95348389999999
ул. Дзержинского, д. 67;Торжок;Россия;57.0450003;34.9684505
ул. Советская, д. 85 строение В;Торопец;Россия;56.50456939999999;31.6351051
ул. Степана Разина, д. 11;Троицк;Россия;54.0823499;61.5578258
ул. Урицкого, д. 43 А;Трубчевск;Россия;52.581269;33.764173
ул. Моторостроителей, д. 53Б;Тутаев;Россия;57.86658;39.516749
ул. Кирова, д. 1;Тучково;Россия;55.6002577;36.4724251
ул. Октябрьская, д. 128А;Тбилисская;Россия;45.36261870000001;40.1856507
ул. Победы, д. 188А;Углегорск;Россия;49.07954729999999;142.0748657
мкр. Новый город, д. 2/3;Удачный;Россия;55.80953299999999;37.286977
ул. Кабанская, д. 13Б/2;Улан-Удэ;Россия;51.8435285;107.5174965
шоссе Московское, д. 91;Ульяновск;Россия;54.30514900000001;48.35239199999999
ул. Боярова, д. 4А;Тосно;Россия;59.544222;30.8803374
ул. Советская, д. 26;Тотьма;Россия;59.9737341;42.765226
ул. им. Шейха Солса-Хаджи Яндарова, д. 33;Урус-Мартан;Россия;43.13105179999999;45.5409295
ул. Ленина, д. 106, корпус Г;Татарск;Россия;55.2165314;75.9610063
ул. 40 лет Октября, д. 6а;Тайга;Россия;56.0650267;85.6247697
ул. Суворова, д. 1В;Тайшет;Россия;55.9359559;98.01789529999999
ул. Поспелова, д. 31;Таштагол;Россия;52.7619233;87.84838529999999
ул. Ленина, д. 45;Тисуль;Россия;55.7661319;88.3113559
ул. Островского, д. 17;Тогучин;Россия;55.238689;84.40450589999999
мкр. Солнечный, д. 11, корп. А;Топки;Россия;55.2777575;85.6243296
ул. Привокзальная, д. 31;Топчиха;Россия;52.817072;83.118507
ул. Пушкина, д. 22;Троицкое;Россия;52.982505;84.67812099999999
ул. Ленина, д. 85;Тулун;Россия;54.559375;100.5785549
ул. Советская, д. 86;Тавда;Россия;58.0477571;65.2695571
ул. Васильева, д. 11;Талица;Россия;57.0158813;63.73038829999999
ул. Е.К.Колесниковой, д. 2;Тарко-Сале;Россия;64.9092454;77.7702426
ул. Зона Вузов, стр. 4;Тобольск;Россия;58.2227256;68.2777646
ул. Островского, д. 50А;Трехгорный;Россия;54.81892;58.442544
ул. Ю.А.Гагарина, д. 86;Троицк;Россия;54.0832732;61.5598545
пр-кт Победы, д. 40;Ступино;Россия;54.8981242;38.0813538
ул. Свободы, д. 10;Суворов;Россия;54.1228794;36.4996455
Муромское шоссе, д. 9;Судогда;Россия;55.9521331;40.877799
ул. Васильевская, д. 27;Суздаль;Россия;56.41998839999999;40.4580405
ул. Точисского, д. 32;Химки;Россия;55.8940553;37.44394870000001
ул. Ленина, д. 11;Саки;Россия;45.130942;33.594317
ул. К.Маркса, д. 54;Самарское;Россия;46.9366324;39.6900372
ул. Ковпака, д. 3;Севастополь;Россия;44.588138;33.5123895
ул. Балаклавская, д. 68Щ;Симферополь;Россия;44.9224842;34.1080518
ул. Матросова, д. 1;Советский;Россия;61.35783120000001;63.5518152
ул. Красная, д. 165;Старовеличковская;Россия;45.43637589999999;38.71714
ул. Первомайская, д. 125;Старощербиновская;Россия;46.632167;38.6534552
ул. Ленина, д. 24;Судак;Россия;44.853915;34.9757956
ул. Ленина, д. 59;Суровикино;Россия;48.6056315;42.842028
ул. Кировская, д. 103;Тымовское;Россия;50.852073;142.6554668
ул. Красная Пресня, д. 27/1;Тында;Россия;55.1504124;124.736125
ул. Дружбы, здание 29/1;Ташла;Россия;51.7695971;52.7375726
ул. Школьная, д. 19;Тетюши;Россия;54.922643;48.831
ул. Ленина, д. 36;Толбазы;Россия;54.0252339;55.8851893
ул. Терешковой, д. 5л;Тоцкое;Россия;52.5248887;52.74274620000001
ул. Ленина д. 17А;Тюльган;Россия;52.3428774;56.1612157
ул. Оборонная, д. 2Б;Тельмана;Россия;59.7308201;30.6128719
ул. Свердлова, д. 15;Снежинск;Россия;56.0871753;60.7312301
мкр. Западный, д. 1А;Советский;Россия;61.52401;105.318756
ул. Парижской Коммуны, д. 5;Среднеуральск;Россия;56.9839054;60.47249470000001
ул. 30 лет Победы, д. 50;Сургут;Россия;61.254499;73.436407
ул. Белинского, д. 55;Сухой Лог;Россия;56.8976416;62.03813959999999
ул. Коммуны, д. 37;Сысерть;Россия;56.50185800000001;60.814213
Северный мкр, д. 2;Сасово;Россия;54.3608014;41.9094895
ул. Михаила Марченко, д. 13;Свердловский;Россия;55.8958001;38.1322919
переулок Свердлова, д. 13;Сельцо;Россия;53.3727616;34.1116463
ул. Спортивная, д. 2/2а;Селятино;Россия;55.5202672;36.9861248
ул. Чапаева, д. 29;Семилуки;Россия;51.7342496;39.0445791
пр-кт Красной Армии, 232А;Сергиев Посад;Россия;56.3289673;38.1534027
пл. Советская, д. 19;Серебряные пруды;Россия;54.4741078;38.7281307
Губкина ул., д. 43;Серпухов;Россия;54.9179562;37.4229963
ул. Высоковольтная, д. 13А;Скопин;Россия;53.8083062;39.5583472
ул. Димитрова, д. 24И;Собинка;Россия;55.9902859;40.0196974
ул. Красная, д. 154;Солнечногорск;Россия;56.1939757;36.9686213
территория Складского комплекса ССТ, к2;Софьино;Россия;55.5213744;37.0109623
ул. Кирова, д. 19;Старая Купавна;Россия;55.8032833;38.1816892
Северный мкр, д. 16;Строитель;Россия;52.653295;41.450579
ул. Ленина, д. 52;Сузун;Россия;53.7762159;82.3205912
ул. Ямальская, д. 9, корпус Б;Салехард;Россия;66.5336633;66.619374
ул. Пролетарская, д. 33А;Сатка;Россия;55.0399399;58.97376169999999
ул. Молодежная, д. 11;Североуральск;Россия;60.1515169;59.9505992
